"REF_DATE","GEO","DGUID","Type of property","UOM","UOM_ID","SCALAR_FACTOR","SCALAR_ID","VECTOR","COORDINATE","VALUE","STATUS","SYMBOL","TERMINATED","DECIMALS"
"2005","Canada","2016A000011124","Residential","Dollars","81","millions","6","v65583427","1.1","2342865.3","","","","1"
"2005","Newfoundland and Labrador","2016A000210","Residential","Dollars","81","millions","6","v65583380","2.1","18494.1","","","","1"
"2005","Prince Edward Island","2016A000211","Residential","Dollars","81","millions","6","v65583382","3.1","4332.9","","","","1"
"2005","Nova Scotia","2016A000212","Residential","Dollars","81","millions","6","v65583383","4.1","44301.1","","","","1"
"2005","New Brunswick","2016A000213","Residential","Dollars","81","millions","6","v65583385","5.1","22649.0","","","","1"
"2005","Quebec","2016A000224","Residential","Dollars","81","millions","6","v65583388","6.1","405304.6","","","","1"
"2005","Ontario","2016A000235","Residential","Dollars","81","millions","6","v65583395","7.1","1030226.2","","","","1"
"2005","Manitoba","2016A000246","Residential","Dollars","81","millions","6","v65583411","8.1","49302.3","","","","1"
"2005","Saskatchewan","2016A000247","Residential","Dollars","81","millions","6","v65583413","9.1","36524.9","","","","1"
"2005","Alberta","2016A000248","Residential","Dollars","81","millions","6","v65583416","10.1","244114.6","","","","1"
"2005","British Columbia","2016A000259","Residential","Dollars","81","millions","6","v65583419","11.1","483940.9","","","","1"
"2005","Yukon","2016A000260","Residential","Dollars","81","millions","6","v65583424","12.1","1231.9","","","","1"
"2005","Northwest Territories","2016A000261","Residential","Dollars","81","millions","6","v65583425","13.1","1824.8","","","","1"
"2005","Nunavut","2016A000262","Residential","Dollars","81","millions","6","v65583426","14.1","617.9","","","","1"
"2005","Total census metropolitan areas","","Residential","Dollars","81","millions","6","v65583378","15.1","1772106.3","","","","1"
"2005","St. John's, Newfoundland and Labrador","2011S0503001","Residential","Dollars","81","millions","6","v65583381","16.1","8608.7","","","","1"
"2005","Halifax, Nova Scotia","2011S0503205","Residential","Dollars","81","millions","6","v65583384","17.1","22797.2","","","","1"
"2005","Saint John, New Brunswick","2011S0503310","Residential","Dollars","81","millions","6","v65583387","18.1","4198.9","","","","1"
"2005","Moncton, New Brunswick","2011S0503305","Residential","Dollars","81","millions","6","v65583386","19.1","4708.7","","","","1"
"2005","Montréal, Quebec","2011S0503462","Residential","Dollars","81","millions","6","v65583393","20.1","232470.6","","","","1"
"2005","Québec, Quebec","2011S0503421","Residential","Dollars","81","millions","6","v65583390","21.1","34624.6","","","","1"
"2005","Saguenay, Quebec","2011S0503408","Residential","Dollars","81","millions","6","v65583389","22.1","5357.8","","","","1"
"2005","Sherbrooke, Quebec","2011S0503433","Residential","Dollars","81","millions","6","v65583391","23.1","9033.3","","","","1"
"2005","Trois-Rivières, Quebec","2011S0503442","Residential","Dollars","81","millions","6","v65583392","24.1","4941.8","","","","1"
"2005","Barrie, Ontario","2011S0503568","Residential","Dollars","81","millions","6","v65583408","25.1","14304.2","","","","1"
"2005","Brantford, Ontario","2011S0503543","Residential","Dollars","81","millions","6","v65583404","26.1","7570.8","","","","1"
"2005","Greater Sudbury, Ontario","2011S0503580","Residential","Dollars","81","millions","6","v65583409","27.1","6727.1","","","","1"
"2005","Guelph, Ontario","2011S0503550","Residential","Dollars","81","millions","6","v65583405","28.1","9849.8","","","","1"
"2005","Hamilton, Ontario","2011S0503537","Residential","Dollars","81","millions","6","v65583401","29.1","52360.2","","","","1"
"2005","Kingston, Ontario","2011S0503521","Residential","Dollars","81","millions","6","v65583397","30.1","10920.0","","","","1"
"2005","Kitchener-Cambridge-Waterloo, Ontario","2011S0503541","Residential","Dollars","81","millions","6","v65583403","31.1","30961.4","","","","1"
"2005","London, Ontario","2011S0503555","Residential","Dollars","81","millions","6","v65583406","32.1","28600.4","","","","1"
"2005","Oshawa, Ontario","2011S0503532","Residential","Dollars","81","millions","6","v65583399","33.1","25157.0","","","","1"
"2005","Ottawa-Gatineau, Ontario/Quebec","2011S0503505","Residential","Dollars","81","millions","6","v65583379","34.1","90097.5","","","","1"
"2005","Ottawa part","2011S050535505","Residential","Dollars","81","millions","6","v65583396","35.1","73630.4","","","","1"
"2005","Gatineau part","2011S050524505","Residential","Dollars","81","millions","6","v65583394","36.1","16467.2","","","","1"
"2005","Peterborough, Ontario","2011S0503529","Residential","Dollars","81","millions","6","v65583398","37.1","8538.1","","","","1"
"2005","St. Catharines-Niagara, Ontario","2011S0503539","Residential","Dollars","81","millions","6","v65583402","38.1","25348.0","","","","1"
"2005","Thunder Bay, Ontario","2011S0503595","Residential","Dollars","81","millions","6","v65583410","39.1","6039.0","","","","1"
"2005","Toronto, Ontario","2011S0503535","Residential","Dollars","81","millions","6","v65583400","40.1","521306.2","","","","1"
"2005","Windsor, Ontario","2011S0503559","Residential","Dollars","81","millions","6","v65583407","41.1","19916.9","","","","1"
"2005","Winnipeg, Manitoba","2011S0503602","Residential","Dollars","81","millions","6","v65583412","42.1","33341.5","","","","1"
"2005","Regina, Saskatchewan","2011S0503705","Residential","Dollars","81","millions","6","v65583414","43.1","9425.0","","","","1"
"2005","Saskatoon, Saskatchewan","2011S0503725","Residential","Dollars","81","millions","6","v65583415","44.1","11462.6","","","","1"
"2005","Calgary, Alberta","2011S0503825","Residential","Dollars","81","millions","6","v65583417","45.1","99672.5","","","","1"
"2005","Edmonton, Alberta","2011S0503835","Residential","Dollars","81","millions","6","v65583418","46.1","73720.4","","","","1"
"2005","Kelowna, British Columbia","2011S0503915","Residential","Dollars","81","millions","6","v65583420","47.1","18729.1","","","","1"
"2005","Abbotsford-Mission, British Columbia","2011S0503932","Residential","Dollars","81","millions","6","v65583421","48.1","12482.9","","","","1"
"2005","Vancouver, British Columbia","2011S0503933","Residential","Dollars","81","millions","6","v65583422","49.1","283537.7","","","","1"
"2005","Victoria, British Columbia","2011S0503935","Residential","Dollars","81","millions","6","v65583423","50.1","45296.0","","","","1"
"2006","Canada","2016A000011124","Residential","Dollars","81","millions","6","v65583427","1.1","2675933.8","","","","1"
"2006","Newfoundland and Labrador","2016A000210","Residential","Dollars","81","millions","6","v65583380","2.1","18553.5","","","","1"
"2006","Prince Edward Island","2016A000211","Residential","Dollars","81","millions","6","v65583382","3.1","4982.7","","","","1"
"2006","Nova Scotia","2016A000212","Residential","Dollars","81","millions","6","v65583383","4.1","48568.1","","","","1"
"2006","New Brunswick","2016A000213","Residential","Dollars","81","millions","6","v65583385","5.1","23801.0","","","","1"
"2006","Quebec","2016A000224","Residential","Dollars","81","millions","6","v65583388","6.1","440905.6","","","","1"
"2006","Ontario","2016A000235","Residential","Dollars","81","millions","6","v65583395","7.1","1114416.8","","","","1"
"2006","Manitoba","2016A000246","Residential","Dollars","81","millions","6","v65583411","8.1","52479.4","","","","1"
"2006","Saskatchewan","2016A000247","Residential","Dollars","81","millions","6","v65583413","9.1","40008.0","","","","1"
"2006","Alberta","2016A000248","Residential","Dollars","81","millions","6","v65583416","10.1","330440.5","","","","1"
"2006","British Columbia","2016A000259","Residential","Dollars","81","millions","6","v65583419","11.1","597516.6","","","","1"
"2006","Yukon","2016A000260","Residential","Dollars","81","millions","6","v65583424","12.1","1356.4","","","","1"
"2006","Northwest Territories","2016A000261","Residential","Dollars","81","millions","6","v65583425","13.1","2295.4","","","","1"
"2006","Nunavut","2016A000262","Residential","Dollars","81","millions","6","v65583426","14.1","609.8","","","","1"
"2006","Total census metropolitan areas","","Residential","Dollars","81","millions","6","v65583378","15.1","2024215.2","","","","1"
"2006","St. John's, Newfoundland and Labrador","2011S0503001","Residential","Dollars","81","millions","6","v65583381","16.1","8696.1","","","","1"
"2006","Halifax, Nova Scotia","2011S0503205","Residential","Dollars","81","millions","6","v65583384","17.1","25349.6","","","","1"
"2006","Saint John, New Brunswick","2011S0503310","Residential","Dollars","81","millions","6","v65583387","18.1","4348.5","","","","1"
"2006","Moncton, New Brunswick","2011S0503305","Residential","Dollars","81","millions","6","v65583386","19.1","5023.1","","","","1"
"2006","Montréal, Quebec","2011S0503462","Residential","Dollars","81","millions","6","v65583393","20.1","252162.7","","","","1"
"2006","Québec, Quebec","2011S0503421","Residential","Dollars","81","millions","6","v65583390","21.1","38305.6","","","","1"
"2006","Saguenay, Quebec","2011S0503408","Residential","Dollars","81","millions","6","v65583389","22.1","5736.7","","","","1"
"2006","Sherbrooke, Quebec","2011S0503433","Residential","Dollars","81","millions","6","v65583391","23.1","10218.0","","","","1"
"2006","Trois-Rivières, Quebec","2011S0503442","Residential","Dollars","81","millions","6","v65583392","24.1","5367.9","","","","1"
"2006","Barrie, Ontario","2011S0503568","Residential","Dollars","81","millions","6","v65583408","25.1","15904.2","","","","1"
"2006","Brantford, Ontario","2011S0503543","Residential","Dollars","81","millions","6","v65583404","26.1","8394.8","","","","1"
"2006","Greater Sudbury, Ontario","2011S0503580","Residential","Dollars","81","millions","6","v65583409","27.1","7627.0","","","","1"
"2006","Guelph, Ontario","2011S0503550","Residential","Dollars","81","millions","6","v65583405","28.1","10927.0","","","","1"
"2006","Hamilton, Ontario","2011S0503537","Residential","Dollars","81","millions","6","v65583401","29.1","57457.5","","","","1"
"2006","Kingston, Ontario","2011S0503521","Residential","Dollars","81","millions","6","v65583397","30.1","12107.3","","","","1"
"2006","Kitchener-Cambridge-Waterloo, Ontario","2011S0503541","Residential","Dollars","81","millions","6","v65583403","31.1","33811.2","","","","1"
"2006","London, Ontario","2011S0503555","Residential","Dollars","81","millions","6","v65583406","32.1","31126.9","","","","1"
"2006","Oshawa, Ontario","2011S0503532","Residential","Dollars","81","millions","6","v65583399","33.1","26529.5","","","","1"
"2006","Ottawa-Gatineau, Ontario/Quebec","2011S0503505","Residential","Dollars","81","millions","6","v65583379","34.1","95393.5","","","","1"
"2006","Ottawa part","2011S050535505","Residential","Dollars","81","millions","6","v65583396","35.1","77648.1","","","","1"
"2006","Gatineau part","2011S050524505","Residential","Dollars","81","millions","6","v65583394","36.1","17745.4","","","","1"
"2006","Peterborough, Ontario","2011S0503529","Residential","Dollars","81","millions","6","v65583398","37.1","9438.8","","","","1"
"2006","St. Catharines-Niagara, Ontario","2011S0503539","Residential","Dollars","81","millions","6","v65583402","38.1","27727.3","","","","1"
"2006","Thunder Bay, Ontario","2011S0503595","Residential","Dollars","81","millions","6","v65583410","39.1","6107.0","","","","1"
"2006","Toronto, Ontario","2011S0503535","Residential","Dollars","81","millions","6","v65583400","40.1","560669.0","","","","1"
"2006","Windsor, Ontario","2011S0503559","Residential","Dollars","81","millions","6","v65583407","41.1","20246.4","","","","1"
"2006","Winnipeg, Manitoba","2011S0503602","Residential","Dollars","81","millions","6","v65583412","42.1","37129.7","","","","1"
"2006","Regina, Saskatchewan","2011S0503705","Residential","Dollars","81","millions","6","v65583414","43.1","10233.8","","","","1"
"2006","Saskatoon, Saskatchewan","2011S0503725","Residential","Dollars","81","millions","6","v65583415","44.1","13037.9","","","","1"
"2006","Calgary, Alberta","2011S0503825","Residential","Dollars","81","millions","6","v65583417","45.1","147227.8","","","","1"
"2006","Edmonton, Alberta","2011S0503835","Residential","Dollars","81","millions","6","v65583418","46.1","93362.7","","","","1"
"2006","Kelowna, British Columbia","2011S0503915","Residential","Dollars","81","millions","6","v65583420","47.1","23955.1","","","","1"
"2006","Abbotsford-Mission, British Columbia","2011S0503932","Residential","Dollars","81","millions","6","v65583421","48.1","15220.5","","","","1"
"2006","Vancouver, British Columbia","2011S0503933","Residential","Dollars","81","millions","6","v65583422","49.1","352055.9","","","","1"
"2006","Victoria, British Columbia","2011S0503935","Residential","Dollars","81","millions","6","v65583423","50.1","53316.0","","","","1"
"2007","Canada","2016A000011124","Residential","Dollars","81","millions","6","v65583427","1.1","3094597.8","","","","1"
"2007","Newfoundland and Labrador","2016A000210","Residential","Dollars","81","millions","6","v65583380","2.1","21193.9","","","","1"
"2007","Prince Edward Island","2016A000211","Residential","Dollars","81","millions","6","v65583382","3.1","5198.0","","","","1"
"2007","Nova Scotia","2016A000212","Residential","Dollars","81","millions","6","v65583383","4.1","53845.7","","","","1"
"2007","New Brunswick","2016A000213","Residential","Dollars","81","millions","6","v65583385","5.1","25995.5","","","","1"
"2007","Quebec","2016A000224","Residential","Dollars","81","millions","6","v65583388","6.1","481942.8","","","","1"
"2007","Ontario","2016A000235","Residential","Dollars","81","millions","6","v65583395","7.1","1221899.4","","","","1"
"2007","Manitoba","2016A000246","Residential","Dollars","81","millions","6","v65583411","8.1","60914.0","","","","1"
"2007","Saskatchewan","2016A000247","Residential","Dollars","81","millions","6","v65583413","9.1","52904.1","","","","1"
"2007","Alberta","2016A000248","Residential","Dollars","81","millions","6","v65583416","10.1","472186.6","","","","1"
"2007","British Columbia","2016A000259","Residential","Dollars","81","millions","6","v65583419","11.1","693927.7","","","","1"
"2007","Yukon","2016A000260","Residential","Dollars","81","millions","6","v65583424","12.1","1448.7","","","","1"
"2007","Northwest Territories","2016A000261","Residential","Dollars","81","millions","6","v65583425","13.1","2450.8","","","","1"
"2007","Nunavut","2016A000262","Residential","Dollars","81","millions","6","v65583426","14.1","690.6","","","","1"
"2007","Total census metropolitan areas","","Residential","Dollars","81","millions","6","v65583378","15.1","2324260.5","","","","1"
"2007","St. John's, Newfoundland and Labrador","2011S0503001","Residential","Dollars","81","millions","6","v65583381","16.1","9893.7","","","","1"
"2007","Halifax, Nova Scotia","2011S0503205","Residential","Dollars","81","millions","6","v65583384","17.1","27702.1","","","","1"
"2007","Saint John, New Brunswick","2011S0503310","Residential","Dollars","81","millions","6","v65583387","18.1","4807.8","","","","1"
"2007","Moncton, New Brunswick","2011S0503305","Residential","Dollars","81","millions","6","v65583386","19.1","5520.5","","","","1"
"2007","Montréal, Quebec","2011S0503462","Residential","Dollars","81","millions","6","v65583393","20.1","271801.4","","","","1"
"2007","Québec, Quebec","2011S0503421","Residential","Dollars","81","millions","6","v65583390","21.1","43134.1","","","","1"
"2007","Saguenay, Quebec","2011S0503408","Residential","Dollars","81","millions","6","v65583389","22.1","6593.9","","","","1"
"2007","Sherbrooke, Quebec","2011S0503433","Residential","Dollars","81","millions","6","v65583391","23.1","11007.6","","","","1"
"2007","Trois-Rivières, Quebec","2011S0503442","Residential","Dollars","81","millions","6","v65583392","24.1","5977.8","","","","1"
"2007","Barrie, Ontario","2011S0503568","Residential","Dollars","81","millions","6","v65583408","25.1","16800.6","","","","1"
"2007","Brantford, Ontario","2011S0503543","Residential","Dollars","81","millions","6","v65583404","26.1","9170.7","","","","1"
"2007","Greater Sudbury, Ontario","2011S0503580","Residential","Dollars","81","millions","6","v65583409","27.1","9405.2","","","","1"
"2007","Guelph, Ontario","2011S0503550","Residential","Dollars","81","millions","6","v65583405","28.1","11689.8","","","","1"
"2007","Hamilton, Ontario","2011S0503537","Residential","Dollars","81","millions","6","v65583401","29.1","62705.6","","","","1"
"2007","Kingston, Ontario","2011S0503521","Residential","Dollars","81","millions","6","v65583397","30.1","12822.3","","","","1"
"2007","Kitchener-Cambridge-Waterloo, Ontario","2011S0503541","Residential","Dollars","81","millions","6","v65583403","31.1","36740.5","","","","1"
"2007","London, Ontario","2011S0503555","Residential","Dollars","81","millions","6","v65583406","32.1","33499.0","","","","1"
"2007","Oshawa, Ontario","2011S0503532","Residential","Dollars","81","millions","6","v65583399","33.1","28297.4","","","","1"
"2007","Ottawa-Gatineau, Ontario/Quebec","2011S0503505","Residential","Dollars","81","millions","6","v65583379","34.1","101682.8","","","","1"
"2007","Ottawa part","2011S050535505","Residential","Dollars","81","millions","6","v65583396","35.1","82037.4","","","","1"
"2007","Gatineau part","2011S050524505","Residential","Dollars","81","millions","6","v65583394","36.1","19645.3","","","","1"
"2007","Peterborough, Ontario","2011S0503529","Residential","Dollars","81","millions","6","v65583398","37.1","10004.3","","","","1"
"2007","St. Catharines-Niagara, Ontario","2011S0503539","Residential","Dollars","81","millions","6","v65583402","38.1","30512.4","","","","1"
"2007","Thunder Bay, Ontario","2011S0503595","Residential","Dollars","81","millions","6","v65583410","39.1","6105.6","","","","1"
"2007","Toronto, Ontario","2011S0503535","Residential","Dollars","81","millions","6","v65583400","40.1","621337.0","","","","1"
"2007","Windsor, Ontario","2011S0503559","Residential","Dollars","81","millions","6","v65583407","41.1","20046.1","","","","1"
"2007","Winnipeg, Manitoba","2011S0503602","Residential","Dollars","81","millions","6","v65583412","42.1","42762.2","","","","1"
"2007","Regina, Saskatchewan","2011S0503705","Residential","Dollars","81","millions","6","v65583414","43.1","13167.6","","","","1"
"2007","Saskatoon, Saskatchewan","2011S0503725","Residential","Dollars","81","millions","6","v65583415","44.1","19951.6","","","","1"
"2007","Calgary, Alberta","2011S0503825","Residential","Dollars","81","millions","6","v65583417","45.1","192228.2","","","","1"
"2007","Edmonton, Alberta","2011S0503835","Residential","Dollars","81","millions","6","v65583418","46.1","155866.8","","","","1"
"2007","Kelowna, British Columbia","2011S0503915","Residential","Dollars","81","millions","6","v65583420","47.1","24041.7","","","","1"
"2007","Abbotsford-Mission, British Columbia","2011S0503932","Residential","Dollars","81","millions","6","v65583421","48.1","17515.4","","","","1"
"2007","Vancouver, British Columbia","2011S0503933","Residential","Dollars","81","millions","6","v65583422","49.1","401621.6","","","","1"
"2007","Victoria, British Columbia","2011S0503935","Residential","Dollars","81","millions","6","v65583423","50.1","59847.6","","","","1"
"2008","Canada","2016A000011124","Residential","Dollars","81","millions","6","v65583427","1.1","3250681.9","","","","1"
"2008","Newfoundland and Labrador","2016A000210","Residential","Dollars","81","millions","6","v65583380","2.1","26206.7","","","","1"
"2008","Prince Edward Island","2016A000211","Residential","Dollars","81","millions","6","v65583382","3.1","5408.6","","","","1"
"2008","Nova Scotia","2016A000212","Residential","Dollars","81","millions","6","v65583383","4.1","57210.9","","","","1"
"2008","New Brunswick","2016A000213","Residential","Dollars","81","millions","6","v65583385","5.1","28788.5","","","","1"
"2008","Quebec","2016A000224","Residential","Dollars","81","millions","6","v65583388","6.1","529118.8","","","","1"
"2008","Ontario","2016A000235","Residential","Dollars","81","millions","6","v65583395","7.1","1270456.7","","","","1"
"2008","Manitoba","2016A000246","Residential","Dollars","81","millions","6","v65583411","8.1","69896.2","","","","1"
"2008","Saskatchewan","2016A000247","Residential","Dollars","81","millions","6","v65583413","9.1","70669.8","","","","1"
"2008","Alberta","2016A000248","Residential","Dollars","81","millions","6","v65583416","10.1","481296.1","","","","1"
"2008","British Columbia","2016A000259","Residential","Dollars","81","millions","6","v65583419","11.1","706710.1","","","","1"
"2008","Yukon","2016A000260","Residential","Dollars","81","millions","6","v65583424","12.1","1659.4","","","","1"
"2008","Northwest Territories","2016A000261","Residential","Dollars","81","millions","6","v65583425","13.1","2493.0","","","","1"
"2008","Nunavut","2016A000262","Residential","Dollars","81","millions","6","v65583426","14.1","767.1","","","","1"
"2008","Total census metropolitan areas","","Residential","Dollars","81","millions","6","v65583378","15.1","2426405.6","","","","1"
"2008","St. John's, Newfoundland and Labrador","2011S0503001","Residential","Dollars","81","millions","6","v65583381","16.1","12376.9","","","","1"
"2008","Halifax, Nova Scotia","2011S0503205","Residential","Dollars","81","millions","6","v65583384","17.1","29742.5","","","","1"
"2008","Saint John, New Brunswick","2011S0503310","Residential","Dollars","81","millions","6","v65583387","18.1","5625.8","","","","1"
"2008","Moncton, New Brunswick","2011S0503305","Residential","Dollars","81","millions","6","v65583386","19.1","6155.7","","","","1"
"2008","Montréal, Quebec","2011S0503462","Residential","Dollars","81","millions","6","v65583393","20.1","297657.2","","","","1"
"2008","Québec, Quebec","2011S0503421","Residential","Dollars","81","millions","6","v65583390","21.1","48284.1","","","","1"
"2008","Saguenay, Quebec","2011S0503408","Residential","Dollars","81","millions","6","v65583389","22.1","7170.9","","","","1"
"2008","Sherbrooke, Quebec","2011S0503433","Residential","Dollars","81","millions","6","v65583391","23.1","11798.1","","","","1"
"2008","Trois-Rivières, Quebec","2011S0503442","Residential","Dollars","81","millions","6","v65583392","24.1","6687.3","","","","1"
"2008","Barrie, Ontario","2011S0503568","Residential","Dollars","81","millions","6","v65583408","25.1","17509.2","","","","1"
"2008","Brantford, Ontario","2011S0503543","Residential","Dollars","81","millions","6","v65583404","26.1","9474.9","","","","1"
"2008","Greater Sudbury, Ontario","2011S0503580","Residential","Dollars","81","millions","6","v65583409","27.1","11044.0","","","","1"
"2008","Guelph, Ontario","2011S0503550","Residential","Dollars","81","millions","6","v65583405","28.1","12117.8","","","","1"
"2008","Hamilton, Ontario","2011S0503537","Residential","Dollars","81","millions","6","v65583401","29.1","66581.4","","","","1"
"2008","Kingston, Ontario","2011S0503521","Residential","Dollars","81","millions","6","v65583397","30.1","13218.6","","","","1"
"2008","Kitchener-Cambridge-Waterloo, Ontario","2011S0503541","Residential","Dollars","81","millions","6","v65583403","31.1","39938.4","","","","1"
"2008","London, Ontario","2011S0503555","Residential","Dollars","81","millions","6","v65583406","32.1","35721.3","","","","1"
"2008","Oshawa, Ontario","2011S0503532","Residential","Dollars","81","millions","6","v65583399","33.1","29714.5","","","","1"
"2008","Ottawa-Gatineau, Ontario/Quebec","2011S0503505","Residential","Dollars","81","millions","6","v65583379","34.1","110899.2","","","","1"
"2008","Ottawa part","2011S050535505","Residential","Dollars","81","millions","6","v65583396","35.1","89639.0","","","","1"
"2008","Gatineau part","2011S050524505","Residential","Dollars","81","millions","6","v65583394","36.1","21260.2","","","","1"
"2008","Peterborough, Ontario","2011S0503529","Residential","Dollars","81","millions","6","v65583398","37.1","10310.0","","","","1"
"2008","St. Catharines-Niagara, Ontario","2011S0503539","Residential","Dollars","81","millions","6","v65583402","38.1","31427.2","","","","1"
"2008","Thunder Bay, Ontario","2011S0503595","Residential","Dollars","81","millions","6","v65583410","39.1","6597.1","","","","1"
"2008","Toronto, Ontario","2011S0503535","Residential","Dollars","81","millions","6","v65583400","40.1","639716.6","","","","1"
"2008","Windsor, Ontario","2011S0503559","Residential","Dollars","81","millions","6","v65583407","41.1","19695.3","","","","1"
"2008","Winnipeg, Manitoba","2011S0503602","Residential","Dollars","81","millions","6","v65583412","42.1","49192.5","","","","1"
"2008","Regina, Saskatchewan","2011S0503705","Residential","Dollars","81","millions","6","v65583414","43.1","18682.6","","","","1"
"2008","Saskatoon, Saskatchewan","2011S0503725","Residential","Dollars","81","millions","6","v65583415","44.1","25503.8","","","","1"
"2008","Calgary, Alberta","2011S0503825","Residential","Dollars","81","millions","6","v65583417","45.1","191705.4","","","","1"
"2008","Edmonton, Alberta","2011S0503835","Residential","Dollars","81","millions","6","v65583418","46.1","150328.8","","","","1"
"2008","Kelowna, British Columbia","2011S0503915","Residential","Dollars","81","millions","6","v65583420","47.1","24737.9","","","","1"
"2008","Abbotsford-Mission, British Columbia","2011S0503932","Residential","Dollars","81","millions","6","v65583421","48.1","17833.0","","","","1"
"2008","Vancouver, British Columbia","2011S0503933","Residential","Dollars","81","millions","6","v65583422","49.1","408189.4","","","","1"
"2008","Victoria, British Columbia","2011S0503935","Residential","Dollars","81","millions","6","v65583423","50.1","60768.2","","","","1"
"2009","Canada","2016A000011124","Residential","Dollars","81","millions","6","v65583427","1.1","3333268.2","","r","","1"
"2009","Newfoundland and Labrador","2016A000210","Residential","Dollars","81","millions","6","v65583380","2.1","31080.9","","","","1"
"2009","Prince Edward Island","2016A000211","Residential","Dollars","81","millions","6","v65583382","3.1","5842.4","","","","1"
"2009","Nova Scotia","2016A000212","Residential","Dollars","81","millions","6","v65583383","4.1","60710.2","","","","1"
"2009","New Brunswick","2016A000213","Residential","Dollars","81","millions","6","v65583385","5.1","31012.4","","r","","1"
"2009","Quebec","2016A000224","Residential","Dollars","81","millions","6","v65583388","6.1","561497.8","","","","1"
"2009","Ontario","2016A000235","Residential","Dollars","81","millions","6","v65583395","7.1","1331141.8","","","","1"
"2009","Manitoba","2016A000246","Residential","Dollars","81","millions","6","v65583411","8.1","72347.9","","r","","1"
"2009","Saskatchewan","2016A000247","Residential","Dollars","81","millions","6","v65583413","9.1","77078.1","","","","1"
"2009","Alberta","2016A000248","Residential","Dollars","81","millions","6","v65583416","10.1","443476.8","","","","1"
"2009","British Columbia","2016A000259","Residential","Dollars","81","millions","6","v65583419","11.1","713745.3","","","","1"
"2009","Yukon","2016A000260","Residential","Dollars","81","millions","6","v65583424","12.1","1617.1","","r","","1"
"2009","Northwest Territories","2016A000261","Residential","Dollars","81","millions","6","v65583425","13.1","2868.8","","r","","1"
"2009","Nunavut","2016A000262","Residential","Dollars","81","millions","6","v65583426","14.1","848.7","","r","","1"
"2009","Total census metropolitan areas","","Residential","Dollars","81","millions","6","v65583378","15.1","2477868.3","","r","","1"
"2009","St. John's, Newfoundland and Labrador","2011S0503001","Residential","Dollars","81","millions","6","v65583381","16.1","14807.9","","","","1"
"2009","Halifax, Nova Scotia","2011S0503205","Residential","Dollars","81","millions","6","v65583384","17.1","31125.4","","","","1"
"2009","Saint John, New Brunswick","2011S0503310","Residential","Dollars","81","millions","6","v65583387","18.1","6433.5","","","","1"
"2009","Moncton, New Brunswick","2011S0503305","Residential","Dollars","81","millions","6","v65583386","19.1","6646.9","","r","","1"
"2009","Montréal, Quebec","2011S0503462","Residential","Dollars","81","millions","6","v65583393","20.1","313050.6","","","","1"
"2009","Québec, Quebec","2011S0503421","Residential","Dollars","81","millions","6","v65583390","21.1","53490.5","","","","1"
"2009","Saguenay, Quebec","2011S0503408","Residential","Dollars","81","millions","6","v65583389","22.1","7675.8","","","","1"
"2009","Sherbrooke, Quebec","2011S0503433","Residential","Dollars","81","millions","6","v65583391","23.1","12455.1","","","","1"
"2009","Trois-Rivières, Quebec","2011S0503442","Residential","Dollars","81","millions","6","v65583392","24.1","6949.4","","","","1"
"2009","Barrie, Ontario","2011S0503568","Residential","Dollars","81","millions","6","v65583408","25.1","18152.3","","","","1"
"2009","Brantford, Ontario","2011S0503543","Residential","Dollars","81","millions","6","v65583404","26.1","9862.9","","","","1"
"2009","Greater Sudbury, Ontario","2011S0503580","Residential","Dollars","81","millions","6","v65583409","27.1","10586.7","","","","1"
"2009","Guelph, Ontario","2011S0503550","Residential","Dollars","81","millions","6","v65583405","28.1","12629.9","","","","1"
"2009","Hamilton, Ontario","2011S0503537","Residential","Dollars","81","millions","6","v65583401","29.1","69422.7","","","","1"
"2009","Kingston, Ontario","2011S0503521","Residential","Dollars","81","millions","6","v65583397","30.1","13875.2","","","","1"
"2009","Kitchener-Cambridge-Waterloo, Ontario","2011S0503541","Residential","Dollars","81","millions","6","v65583403","31.1","40288.3","","","","1"
"2009","London, Ontario","2011S0503555","Residential","Dollars","81","millions","6","v65583406","32.1","36537.9","","","","1"
"2009","Oshawa, Ontario","2011S0503532","Residential","Dollars","81","millions","6","v65583399","33.1","30614.9","","","","1"
"2009","Ottawa-Gatineau, Ontario/Quebec","2011S0503505","Residential","Dollars","81","millions","6","v65583379","34.1","118807.9","","","","1"
"2009","Ottawa part","2011S050535505","Residential","Dollars","81","millions","6","v65583396","35.1","95861.8","","","","1"
"2009","Gatineau part","2011S050524505","Residential","Dollars","81","millions","6","v65583394","36.1","22946.1","","","","1"
"2009","Peterborough, Ontario","2011S0503529","Residential","Dollars","81","millions","6","v65583398","37.1","10739.2","","","","1"
"2009","St. Catharines-Niagara, Ontario","2011S0503539","Residential","Dollars","81","millions","6","v65583402","38.1","32086.8","","","","1"
"2009","Thunder Bay, Ontario","2011S0503595","Residential","Dollars","81","millions","6","v65583410","39.1","6905.5","","","","1"
"2009","Toronto, Ontario","2011S0503535","Residential","Dollars","81","millions","6","v65583400","40.1","677060.3","","","","1"
"2009","Windsor, Ontario","2011S0503559","Residential","Dollars","81","millions","6","v65583407","41.1","19010.4","","","","1"
"2009","Winnipeg, Manitoba","2011S0503602","Residential","Dollars","81","millions","6","v65583412","42.1","51586.1","","","","1"
"2009","Regina, Saskatchewan","2011S0503705","Residential","Dollars","81","millions","6","v65583414","43.1","19080.7","","","","1"
"2009","Saskatoon, Saskatchewan","2011S0503725","Residential","Dollars","81","millions","6","v65583415","44.1","24940.2","","","","1"
"2009","Calgary, Alberta","2011S0503825","Residential","Dollars","81","millions","6","v65583417","45.1","171976.4","","","","1"
"2009","Edmonton, Alberta","2011S0503835","Residential","Dollars","81","millions","6","v65583418","46.1","136011.7","","","","1"
"2009","Kelowna, British Columbia","2011S0503915","Residential","Dollars","81","millions","6","v65583420","47.1","24720.6","","","","1"
"2009","Abbotsford-Mission, British Columbia","2011S0503932","Residential","Dollars","81","millions","6","v65583421","48.1","17543.5","","","","1"
"2009","Vancouver, British Columbia","2011S0503933","Residential","Dollars","81","millions","6","v65583422","49.1","409900.8","","","","1"
"2009","Victoria, British Columbia","2011S0503935","Residential","Dollars","81","millions","6","v65583423","50.1","62892.0","","","","1"
"2010","Canada","2016A000011124","Residential","Dollars","81","millions","6","v65583427","1.1","3605446.0","","r","","1"
"2010","Newfoundland and Labrador","2016A000210","Residential","Dollars","81","millions","6","v65583380","2.1","32865.3","","","","1"
"2010","Prince Edward Island","2016A000211","Residential","Dollars","81","millions","6","v65583382","3.1","6096.8","","","","1"
"2010","Nova Scotia","2016A000212","Residential","Dollars","81","millions","6","v65583383","4.1","63897.4","","","","1"
"2010","New Brunswick","2016A000213","Residential","Dollars","81","millions","6","v65583385","5.1","32920.1","","r","","1"
"2010","Quebec","2016A000224","Residential","Dollars","81","millions","6","v65583388","6.1","612968.6","","r","","1"
"2010","Ontario","2016A000235","Residential","Dollars","81","millions","6","v65583395","7.1","1431716.0","","","","1"
"2010","Manitoba","2016A000246","Residential","Dollars","81","millions","6","v65583411","8.1","80865.5","","r","","1"
"2010","Saskatchewan","2016A000247","Residential","Dollars","81","millions","6","v65583413","9.1","82054.3","","","","1"
"2010","Alberta","2016A000248","Residential","Dollars","81","millions","6","v65583416","10.1","479092.7","","","","1"
"2010","British Columbia","2016A000259","Residential","Dollars","81","millions","6","v65583419","11.1","776890.9","","","","1"
"2010","Yukon","2016A000260","Residential","Dollars","81","millions","6","v65583424","12.1","1870.4","","r","","1"
"2010","Northwest Territories","2016A000261","Residential","Dollars","81","millions","6","v65583425","13.1","3263.3","","r","","1"
"2010","Nunavut","2016A000262","Residential","Dollars","81","millions","6","v65583426","14.1","944.7","","r","","1"
"2010","Total census metropolitan areas","","Residential","Dollars","81","millions","6","v65583378","15.1","2707515.9","","r","","1"
"2010","St. John's, Newfoundland and Labrador","2011S0503001","Residential","Dollars","81","millions","6","v65583381","16.1","17529.4","","","","1"
"2010","Halifax, Nova Scotia","2011S0503205","Residential","Dollars","81","millions","6","v65583384","17.1","33720.2","","","","1"
"2010","Saint John, New Brunswick","2011S0503310","Residential","Dollars","81","millions","6","v65583387","18.1","6666.0","","","","1"
"2010","Moncton, New Brunswick","2011S0503305","Residential","Dollars","81","millions","6","v65583386","19.1","7062.5","","r","","1"
"2010","Montréal, Quebec","2011S0503462","Residential","Dollars","81","millions","6","v65583393","20.1","342425.0","","r","","1"
"2010","Québec, Quebec","2011S0503421","Residential","Dollars","81","millions","6","v65583390","21.1","60457.2","","r","","1"
"2010","Saguenay, Quebec","2011S0503408","Residential","Dollars","81","millions","6","v65583389","22.1","8856.7","","r","","1"
"2010","Sherbrooke, Quebec","2011S0503433","Residential","Dollars","81","millions","6","v65583391","23.1","13336.2","","r","","1"
"2010","Trois-Rivières, Quebec","2011S0503442","Residential","Dollars","81","millions","6","v65583392","24.1","7645.7","","r","","1"
"2010","Barrie, Ontario","2011S0503568","Residential","Dollars","81","millions","6","v65583408","25.1","18570.7","","","","1"
"2010","Brantford, Ontario","2011S0503543","Residential","Dollars","81","millions","6","v65583404","26.1","10145.9","","","","1"
"2010","Greater Sudbury, Ontario","2011S0503580","Residential","Dollars","81","millions","6","v65583409","27.1","12583.5","","","","1"
"2010","Guelph, Ontario","2011S0503550","Residential","Dollars","81","millions","6","v65583405","28.1","13995.7","","","","1"
"2010","Hamilton, Ontario","2011S0503537","Residential","Dollars","81","millions","6","v65583401","29.1","69710.1","","","","1"
"2010","Kingston, Ontario","2011S0503521","Residential","Dollars","81","millions","6","v65583397","30.1","15158.9","","","","1"
"2010","Kitchener-Cambridge-Waterloo, Ontario","2011S0503541","Residential","Dollars","81","millions","6","v65583403","31.1","44055.3","","","","1"
"2010","London, Ontario","2011S0503555","Residential","Dollars","81","millions","6","v65583406","32.1","39470.8","","","","1"
"2010","Oshawa, Ontario","2011S0503532","Residential","Dollars","81","millions","6","v65583399","33.1","31824.3","","","","1"
"2010","Ottawa-Gatineau, Ontario/Quebec","2011S0503505","Residential","Dollars","81","millions","6","v65583379","34.1","134660.5","","r","","1"
"2010","Ottawa part","2011S050535505","Residential","Dollars","81","millions","6","v65583396","35.1","110077.5","","","","1"
"2010","Gatineau part","2011S050524505","Residential","Dollars","81","millions","6","v65583394","36.1","24583.1","","r","","1"
"2010","Peterborough, Ontario","2011S0503529","Residential","Dollars","81","millions","6","v65583398","37.1","11016.7","","","","1"
"2010","St. Catharines-Niagara, Ontario","2011S0503539","Residential","Dollars","81","millions","6","v65583402","38.1","32675.1","","","","1"
"2010","Thunder Bay, Ontario","2011S0503595","Residential","Dollars","81","millions","6","v65583410","39.1","6844.0","","","","1"
"2010","Toronto, Ontario","2011S0503535","Residential","Dollars","81","millions","6","v65583400","40.1","733466.5","","","","1"
"2010","Windsor, Ontario","2011S0503559","Residential","Dollars","81","millions","6","v65583407","41.1","19388.8","","","","1"
"2010","Winnipeg, Manitoba","2011S0503602","Residential","Dollars","81","millions","6","v65583412","42.1","57773.6","","","","1"
"2010","Regina, Saskatchewan","2011S0503705","Residential","Dollars","81","millions","6","v65583414","43.1","20580.0","","","","1"
"2010","Saskatoon, Saskatchewan","2011S0503725","Residential","Dollars","81","millions","6","v65583415","44.1","27431.7","","","","1"
"2010","Calgary, Alberta","2011S0503825","Residential","Dollars","81","millions","6","v65583417","45.1","188939.3","","","","1"
"2010","Edmonton, Alberta","2011S0503835","Residential","Dollars","81","millions","6","v65583418","46.1","149501.2","","","","1"
"2010","Kelowna, British Columbia","2011S0503915","Residential","Dollars","81","millions","6","v65583420","47.1","25152.1","","","","1"
"2010","Abbotsford-Mission, British Columbia","2011S0503932","Residential","Dollars","81","millions","6","v65583421","48.1","18523.5","","","","1"
"2010","Vancouver, British Columbia","2011S0503933","Residential","Dollars","81","millions","6","v65583422","49.1","462084.7","","","","1"
"2010","Victoria, British Columbia","2011S0503935","Residential","Dollars","81","millions","6","v65583423","50.1","66263.8","","","","1"
"2011","Canada","2016A000011124","Residential","Dollars","81","millions","6","v65583427","1.1","3839636.6","","r","","1"
"2011","Newfoundland and Labrador","2016A000210","Residential","Dollars","81","millions","6","v65583380","2.1","36210.3","","r","","1"
"2011","Prince Edward Island","2016A000211","Residential","Dollars","81","millions","6","v65583382","3.1","6208.4","","r","","1"
"2011","Nova Scotia","2016A000212","Residential","Dollars","81","millions","6","v65583383","4.1","68103.9","","r","","1"
"2011","New Brunswick","2016A000213","Residential","Dollars","81","millions","6","v65583385","5.1","34933.5","","r","","1"
"2011","Quebec","2016A000224","Residential","Dollars","81","millions","6","v65583388","6.1","657868.2","","r","","1"
"2011","Ontario","2016A000235","Residential","Dollars","81","millions","6","v65583395","7.1","1547692.8","","r","","1"
"2011","Manitoba","2016A000246","Residential","Dollars","81","millions","6","v65583411","8.1","86433.3","","r","","1"
"2011","Saskatchewan","2016A000247","Residential","Dollars","81","millions","6","v65583413","9.1","88696.1","","r","","1"
"2011","Alberta","2016A000248","Residential","Dollars","81","millions","6","v65583416","10.1","482599.1","","","","1"
"2011","British Columbia","2016A000259","Residential","Dollars","81","millions","6","v65583419","11.1","824506.2","","","","1"
"2011","Yukon","2016A000260","Residential","Dollars","81","millions","6","v65583424","12.1","1920.4","","r","","1"
"2011","Northwest Territories","2016A000261","Residential","Dollars","81","millions","6","v65583425","13.1","3363.5","","r","","1"
"2011","Nunavut","2016A000262","Residential","Dollars","81","millions","6","v65583426","14.1","1101.1","","r","","1"
"2011","Total census metropolitan areas","","Residential","Dollars","81","millions","6","v65583378","15.1","2917246.8","","r","","1"
"2011","St. John's, Newfoundland and Labrador","2011S0503001","Residential","Dollars","81","millions","6","v65583381","16.1","19370.3","","r","","1"
"2011","Halifax, Nova Scotia","2011S0503205","Residential","Dollars","81","millions","6","v65583384","17.1","35627.5","","r","","1"
"2011","Saint John, New Brunswick","2011S0503310","Residential","Dollars","81","millions","6","v65583387","18.1","7402.9","","","","1"
"2011","Moncton, New Brunswick","2011S0503305","Residential","Dollars","81","millions","6","v65583386","19.1","7667.7","","r","","1"
"2011","Montréal, Quebec","2011S0503462","Residential","Dollars","81","millions","6","v65583393","20.1","367281.2","","r","","1"
"2011","Québec, Quebec","2011S0503421","Residential","Dollars","81","millions","6","v65583390","21.1","66468.7","","r","","1"
"2011","Saguenay, Quebec","2011S0503408","Residential","Dollars","81","millions","6","v65583389","22.1","10028.2","","r","","1"
"2011","Sherbrooke, Quebec","2011S0503433","Residential","Dollars","81","millions","6","v65583391","23.1","15111.0","","r","","1"
"2011","Trois-Rivières, Quebec","2011S0503442","Residential","Dollars","81","millions","6","v65583392","24.1","8171.2","","r","","1"
"2011","Barrie, Ontario","2011S0503568","Residential","Dollars","81","millions","6","v65583408","25.1","19481.3","","r","","1"
"2011","Brantford, Ontario","2011S0503543","Residential","Dollars","81","millions","6","v65583404","26.1","10671.8","","r","","1"
"2011","Greater Sudbury, Ontario","2011S0503580","Residential","Dollars","81","millions","6","v65583409","27.1","13170.2","","","","1"
"2011","Guelph, Ontario","2011S0503550","Residential","Dollars","81","millions","6","v65583405","28.1","16138.0","","r","","1"
"2011","Hamilton, Ontario","2011S0503537","Residential","Dollars","81","millions","6","v65583401","29.1","76011.3","","r","","1"
"2011","Kingston, Ontario","2011S0503521","Residential","Dollars","81","millions","6","v65583397","30.1","16051.2","","r","","1"
"2011","Kitchener-Cambridge-Waterloo, Ontario","2011S0503541","Residential","Dollars","81","millions","6","v65583403","31.1","47285.8","","r","","1"
"2011","London, Ontario","2011S0503555","Residential","Dollars","81","millions","6","v65583406","32.1","40847.8","","","","1"
"2011","Oshawa, Ontario","2011S0503532","Residential","Dollars","81","millions","6","v65583399","33.1","34003.2","","","","1"
"2011","Ottawa-Gatineau, Ontario/Quebec","2011S0503505","Residential","Dollars","81","millions","6","v65583379","34.1","145037.5","","r","","1"
"2011","Ottawa part","2011S050535505","Residential","Dollars","81","millions","6","v65583396","35.1","118359.5","","r","","1"
"2011","Gatineau part","2011S050524505","Residential","Dollars","81","millions","6","v65583394","36.1","26678.0","","r","","1"
"2011","Peterborough, Ontario","2011S0503529","Residential","Dollars","81","millions","6","v65583398","37.1","11556.1","","r","","1"
"2011","St. Catharines-Niagara, Ontario","2011S0503539","Residential","Dollars","81","millions","6","v65583402","38.1","33874.0","","r","","1"
"2011","Thunder Bay, Ontario","2011S0503595","Residential","Dollars","81","millions","6","v65583410","39.1","7888.7","","r","","1"
"2011","Toronto, Ontario","2011S0503535","Residential","Dollars","81","millions","6","v65583400","40.1","807348.2","","","","1"
"2011","Windsor, Ontario","2011S0503559","Residential","Dollars","81","millions","6","v65583407","41.1","20318.7","","","","1"
"2011","Winnipeg, Manitoba","2011S0503602","Residential","Dollars","81","millions","6","v65583412","42.1","61896.4","","","","1"
"2011","Regina, Saskatchewan","2011S0503705","Residential","Dollars","81","millions","6","v65583414","43.1","22700.7","","r","","1"
"2011","Saskatoon, Saskatchewan","2011S0503725","Residential","Dollars","81","millions","6","v65583415","44.1","28986.3","","","","1"
"2011","Calgary, Alberta","2011S0503825","Residential","Dollars","81","millions","6","v65583417","45.1","187702.8","","","","1"
"2011","Edmonton, Alberta","2011S0503835","Residential","Dollars","81","millions","6","v65583418","46.1","151600.3","","","","1"
"2011","Kelowna, British Columbia","2011S0503915","Residential","Dollars","81","millions","6","v65583420","47.1","30420.9","","","","1"
"2011","Abbotsford-Mission, British Columbia","2011S0503932","Residential","Dollars","81","millions","6","v65583421","48.1","18537.3","","","","1"
"2011","Vancouver, British Columbia","2011S0503933","Residential","Dollars","81","millions","6","v65583422","49.1","512530.8","","","","1"
"2011","Victoria, British Columbia","2011S0503935","Residential","Dollars","81","millions","6","v65583423","50.1","66058.6","","","","1"
"2012","Canada","2016A000011124","Residential","Dollars","81","millions","6","v65583427","1.1","4058854.2","","r","","1"
"2012","Newfoundland and Labrador","2016A000210","Residential","Dollars","81","millions","6","v65583380","2.1","39883.3","","r","","1"
"2012","Prince Edward Island","2016A000211","Residential","Dollars","81","millions","6","v65583382","3.1","6321.6","","r","","1"
"2012","Nova Scotia","2016A000212","Residential","Dollars","81","millions","6","v65583383","4.1","70517.9","","r","","1"
"2012","New Brunswick","2016A000213","Residential","Dollars","81","millions","6","v65583385","5.1","37674.8","","r","","1"
"2012","Quebec","2016A000224","Residential","Dollars","81","millions","6","v65583388","6.1","702641.9","","r","","1"
"2012","Ontario","2016A000235","Residential","Dollars","81","millions","6","v65583395","7.1","1664403.2","","r","","1"
"2012","Manitoba","2016A000246","Residential","Dollars","81","millions","6","v65583411","8.1","92882.5","","r","","1"
"2012","Saskatchewan","2016A000247","Residential","Dollars","81","millions","6","v65583413","9.1","97691.5","","r","","1"
"2012","Alberta","2016A000248","Residential","Dollars","81","millions","6","v65583416","10.1","505121.7","","","","1"
"2012","British Columbia","2016A000259","Residential","Dollars","81","millions","6","v65583419","11.1","835011.9","","","","1"
"2012","Yukon","2016A000260","Residential","Dollars","81","millions","6","v65583424","12.1","2067.6","","r","","1"
"2012","Northwest Territories","2016A000261","Residential","Dollars","81","millions","6","v65583425","13.1","3492.9","","r","","1"
"2012","Nunavut","2016A000262","Residential","Dollars","81","millions","6","v65583426","14.1","1143.5","","r","","1"
"2012","Total census metropolitan areas","","Residential","Dollars","81","millions","6","v65583378","15.1","3101762.7","","r","","1"
"2012","St. John's, Newfoundland and Labrador","2011S0503001","Residential","Dollars","81","millions","6","v65583381","16.1","21387.2","","r","","1"
"2012","Halifax, Nova Scotia","2011S0503205","Residential","Dollars","81","millions","6","v65583384","17.1","37504.3","","r","","1"
"2012","Saint John, New Brunswick","2011S0503310","Residential","Dollars","81","millions","6","v65583387","18.1","7465.0","","","","1"
"2012","Moncton, New Brunswick","2011S0503305","Residential","Dollars","81","millions","6","v65583386","19.1","8207.8","","r","","1"
"2012","Montréal, Quebec","2011S0503462","Residential","Dollars","81","millions","6","v65583393","20.1","391822.3","","r","","1"
"2012","Québec, Quebec","2011S0503421","Residential","Dollars","81","millions","6","v65583390","21.1","71677.9","","r","","1"
"2012","Saguenay, Quebec","2011S0503408","Residential","Dollars","81","millions","6","v65583389","22.1","10881.4","","r","","1"
"2012","Sherbrooke, Quebec","2011S0503433","Residential","Dollars","81","millions","6","v65583391","23.1","16070.1","","r","","1"
"2012","Trois-Rivières, Quebec","2011S0503442","Residential","Dollars","81","millions","6","v65583392","24.1","8729.4","","r","","1"
"2012","Barrie, Ontario","2011S0503568","Residential","Dollars","81","millions","6","v65583408","25.1","20338.5","","r","","1"
"2012","Brantford, Ontario","2011S0503543","Residential","Dollars","81","millions","6","v65583404","26.1","11167.6","","r","","1"
"2012","Greater Sudbury, Ontario","2011S0503580","Residential","Dollars","81","millions","6","v65583409","27.1","13931.1","","","","1"
"2012","Guelph, Ontario","2011S0503550","Residential","Dollars","81","millions","6","v65583405","28.1","16906.7","","r","","1"
"2012","Hamilton, Ontario","2011S0503537","Residential","Dollars","81","millions","6","v65583401","29.1","82659.9","","r","","1"
"2012","Kingston, Ontario","2011S0503521","Residential","Dollars","81","millions","6","v65583397","30.1","16841.0","","r","","1"
"2012","Kitchener-Cambridge-Waterloo, Ontario","2011S0503541","Residential","Dollars","81","millions","6","v65583403","31.1","49457.4","","r","","1"
"2012","London, Ontario","2011S0503555","Residential","Dollars","81","millions","6","v65583406","32.1","42715.7","","","","1"
"2012","Oshawa, Ontario","2011S0503532","Residential","Dollars","81","millions","6","v65583399","33.1","36682.2","","","","1"
"2012","Ottawa-Gatineau, Ontario/Quebec","2011S0503505","Residential","Dollars","81","millions","6","v65583379","34.1","152235.9","","r","","1"
"2012","Ottawa part","2011S050535505","Residential","Dollars","81","millions","6","v65583396","35.1","123384.1","","r","","1"
"2012","Gatineau part","2011S050524505","Residential","Dollars","81","millions","6","v65583394","36.1","28851.8","","r","","1"
"2012","Peterborough, Ontario","2011S0503529","Residential","Dollars","81","millions","6","v65583398","37.1","12056.7","","r","","1"
"2012","St. Catharines-Niagara, Ontario","2011S0503539","Residential","Dollars","81","millions","6","v65583402","38.1","35539.8","","r","","1"
"2012","Thunder Bay, Ontario","2011S0503595","Residential","Dollars","81","millions","6","v65583410","39.1","8797.0","","r","","1"
"2012","Toronto, Ontario","2011S0503535","Residential","Dollars","81","millions","6","v65583400","40.1","886014.9","","","","1"
"2012","Windsor, Ontario","2011S0503559","Residential","Dollars","81","millions","6","v65583407","41.1","21186.3","","","","1"
"2012","Winnipeg, Manitoba","2011S0503602","Residential","Dollars","81","millions","6","v65583412","42.1","66558.8","","","","1"
"2012","Regina, Saskatchewan","2011S0503705","Residential","Dollars","81","millions","6","v65583414","43.1","25873.3","","r","","1"
"2012","Saskatoon, Saskatchewan","2011S0503725","Residential","Dollars","81","millions","6","v65583415","44.1","31934.2","","","","1"
"2012","Calgary, Alberta","2011S0503825","Residential","Dollars","81","millions","6","v65583417","45.1","197120.2","","","","1"
"2012","Edmonton, Alberta","2011S0503835","Residential","Dollars","81","millions","6","v65583418","46.1","158999.3","","","","1"
"2012","Kelowna, British Columbia","2011S0503915","Residential","Dollars","81","millions","6","v65583420","47.1","30038.1","","","","1"
"2012","Abbotsford-Mission, British Columbia","2011S0503932","Residential","Dollars","81","millions","6","v65583421","48.1","18500.3","","","","1"
"2012","Vancouver, British Columbia","2011S0503933","Residential","Dollars","81","millions","6","v65583422","49.1","527883.7","","","","1"
"2012","Victoria, British Columbia","2011S0503935","Residential","Dollars","81","millions","6","v65583423","50.1","64578.8","","","","1"
"2013","Canada","2016A000011124","Residential","Dollars","81","millions","6","v65583427","1.1","4231242.2","","r","","1"
"2013","Newfoundland and Labrador","2016A000210","Residential","Dollars","81","millions","6","v65583380","2.1","43395.6","","r","","1"
"2013","Prince Edward Island","2016A000211","Residential","Dollars","81","millions","6","v65583382","3.1","6533.8","","r","","1"
"2013","Nova Scotia","2016A000212","Residential","Dollars","81","millions","6","v65583383","4.1","72839.2","","r","","1"
"2013","New Brunswick","2016A000213","Residential","Dollars","81","millions","6","v65583385","5.1","38954.6","","r","","1"
"2013","Quebec","2016A000224","Residential","Dollars","81","millions","6","v65583388","6.1","731331.1","","r","","1"
"2013","Ontario","2016A000235","Residential","Dollars","81","millions","6","v65583395","7.1","1751581.1","","r","","1"
"2013","Manitoba","2016A000246","Residential","Dollars","81","millions","6","v65583411","8.1","100934.9","","r","","1"
"2013","Saskatchewan","2016A000247","Residential","Dollars","81","millions","6","v65583413","9.1","105563.2","","r","","1"
"2013","Alberta","2016A000248","Residential","Dollars","81","millions","6","v65583416","10.1","534974.9","","","","1"
"2013","British Columbia","2016A000259","Residential","Dollars","81","millions","6","v65583419","11.1","838144.5","","","","1"
"2013","Yukon","2016A000260","Residential","Dollars","81","millions","6","v65583424","12.1","2217.3","","r","","1"
"2013","Northwest Territories","2016A000261","Residential","Dollars","81","millions","6","v65583425","13.1","3531.3","","r","","1"
"2013","Nunavut","2016A000262","Residential","Dollars","81","millions","6","v65583426","14.1","1240.8","","r","","1"
"2013","Total census metropolitan areas","","Residential","Dollars","81","millions","6","v65583378","15.1","3245004.7","","r","","1"
"2013","St. John's, Newfoundland and Labrador","2011S0503001","Residential","Dollars","81","millions","6","v65583381","16.1","22945.6","","r","","1"
"2013","Halifax, Nova Scotia","2011S0503205","Residential","Dollars","81","millions","6","v65583384","17.1","39238.6","","r","","1"
"2013","Saint John, New Brunswick","2011S0503310","Residential","Dollars","81","millions","6","v65583387","18.1","7834.9","","","","1"
"2013","Moncton, New Brunswick","2011S0503305","Residential","Dollars","81","millions","6","v65583386","19.1","8380.3","","r","","1"
"2013","Montréal, Quebec","2011S0503462","Residential","Dollars","81","millions","6","v65583393","20.1","405680.3","","r","","1"
"2013","Québec, Quebec","2011S0503421","Residential","Dollars","81","millions","6","v65583390","21.1","75313.8","","r","","1"
"2013","Saguenay, Quebec","2011S0503408","Residential","Dollars","81","millions","6","v65583389","22.1","11760.8","","r","","1"
"2013","Sherbrooke, Quebec","2011S0503433","Residential","Dollars","81","millions","6","v65583391","23.1","16737.1","","r","","1"
"2013","Trois-Rivières, Quebec","2011S0503442","Residential","Dollars","81","millions","6","v65583392","24.1","9054.3","","r","","1"
"2013","Barrie, Ontario","2011S0503568","Residential","Dollars","81","millions","6","v65583408","25.1","21528.1","","r","","1"
"2013","Brantford, Ontario","2011S0503543","Residential","Dollars","81","millions","6","v65583404","26.1","11643.2","","r","","1"
"2013","Greater Sudbury, Ontario","2011S0503580","Residential","Dollars","81","millions","6","v65583409","27.1","15039.0","","","","1"
"2013","Guelph, Ontario","2011S0503550","Residential","Dollars","81","millions","6","v65583405","28.1","18206.6","","r","","1"
"2013","Hamilton, Ontario","2011S0503537","Residential","Dollars","81","millions","6","v65583401","29.1","87199.8","","r","","1"
"2013","Kingston, Ontario","2011S0503521","Residential","Dollars","81","millions","6","v65583397","30.1","17561.9","","r","","1"
"2013","Kitchener-Cambridge-Waterloo, Ontario","2011S0503541","Residential","Dollars","81","millions","6","v65583403","31.1","51903.5","","r","","1"
"2013","London, Ontario","2011S0503555","Residential","Dollars","81","millions","6","v65583406","32.1","42536.6","","","","1"
"2013","Oshawa, Ontario","2011S0503532","Residential","Dollars","81","millions","6","v65583399","33.1","39309.5","","","","1"
"2013","Ottawa-Gatineau, Ontario/Quebec","2011S0503505","Residential","Dollars","81","millions","6","v65583379","34.1","157734.8","","r","","1"
"2013","Ottawa part","2011S050535505","Residential","Dollars","81","millions","6","v65583396","35.1","127776.1","","r","","1"
"2013","Gatineau part","2011S050524505","Residential","Dollars","81","millions","6","v65583394","36.1","29958.7","","r","","1"
"2013","Peterborough, Ontario","2011S0503529","Residential","Dollars","81","millions","6","v65583398","37.1","12307.0","","r","","1"
"2013","St. Catharines-Niagara, Ontario","2011S0503539","Residential","Dollars","81","millions","6","v65583402","38.1","35965.3","","r","","1"
"2013","Thunder Bay, Ontario","2011S0503595","Residential","Dollars","81","millions","6","v65583410","39.1","10407.3","","r","","1"
"2013","Toronto, Ontario","2011S0503535","Residential","Dollars","81","millions","6","v65583400","40.1","947575.6","","","","1"
"2013","Windsor, Ontario","2011S0503559","Residential","Dollars","81","millions","6","v65583407","41.1","21732.9","","","","1"
"2013","Winnipeg, Manitoba","2011S0503602","Residential","Dollars","81","millions","6","v65583412","42.1","71267.1","","r","","1"
"2013","Regina, Saskatchewan","2011S0503705","Residential","Dollars","81","millions","6","v65583414","43.1","28068.1","","r","","1"
"2013","Saskatoon, Saskatchewan","2011S0503725","Residential","Dollars","81","millions","6","v65583415","44.1","34549.7","","","","1"
"2013","Calgary, Alberta","2011S0503825","Residential","Dollars","81","millions","6","v65583417","45.1","211930.9","","","","1"
"2013","Edmonton, Alberta","2011S0503835","Residential","Dollars","81","millions","6","v65583418","46.1","167498.5","","","","1"
"2013","Kelowna, British Columbia","2011S0503915","Residential","Dollars","81","millions","6","v65583420","47.1","29924.4","","","","1"
"2013","Abbotsford-Mission, British Columbia","2011S0503932","Residential","Dollars","81","millions","6","v65583421","48.1","18446.0","","","","1"
"2013","Vancouver, British Columbia","2011S0503933","Residential","Dollars","81","millions","6","v65583422","49.1","532842.9","","","","1"
"2013","Victoria, British Columbia","2011S0503935","Residential","Dollars","81","millions","6","v65583423","50.1","62880.2","","","","1"
"2014","Canada","2016A000011124","Residential","Dollars","81","millions","6","v65583427","1.1","4488411.6","","","","1"
"2014","Newfoundland and Labrador","2016A000210","Residential","Dollars","81","millions","6","v65583380","2.1","44149.0","","","","1"
"2014","Prince Edward Island","2016A000211","Residential","Dollars","81","millions","6","v65583382","3.1","6774.7","","","","1"
"2014","Nova Scotia","2016A000212","Residential","Dollars","81","millions","6","v65583383","4.1","73571.4","","","","1"
"2014","New Brunswick","2016A000213","Residential","Dollars","81","millions","6","v65583385","5.1","40482.0","","","","1"
"2014","Quebec","2016A000224","Residential","Dollars","81","millions","6","v65583388","6.1","739232.7","","","","1"
"2014","Ontario","2016A000235","Residential","Dollars","81","millions","6","v65583395","7.1","1889627.5","","","","1"
"2014","Manitoba","2016A000246","Residential","Dollars","81","millions","6","v65583411","8.1","105207.5","","","","1"
"2014","Saskatchewan","2016A000247","Residential","Dollars","81","millions","6","v65583413","9.1","110077.3","","","","1"
"2014","Alberta","2016A000248","Residential","Dollars","81","millions","6","v65583416","10.1","587883.7","","","","1"
"2014","British Columbia","2016A000259","Residential","Dollars","81","millions","6","v65583419","11.1","884106.2","","","","1"
"2014","Yukon","2016A000260","Residential","Dollars","81","millions","6","v65583424","12.1","2280.2","","","","1"
"2014","Northwest Territories","2016A000261","Residential","Dollars","81","millions","6","v65583425","13.1","3759.3","","","","1"
"2014","Nunavut","2016A000262","Residential","Dollars","81","millions","6","v65583426","14.1","1260.2","","","","1"
"2014","Total census metropolitan areas","","Residential","Dollars","81","millions","6","v65583378","15.1","3463765.3","","","","1"
"2014","St. John's, Newfoundland and Labrador","2011S0503001","Residential","Dollars","81","millions","6","v65583381","16.1","23444.0","","","","1"
"2014","Halifax, Nova Scotia","2011S0503205","Residential","Dollars","81","millions","6","v65583384","17.1","39308.3","","","","1"
"2014","Saint John, New Brunswick","2011S0503310","Residential","Dollars","81","millions","6","v65583387","18.1","7898.1","","","","1"
"2014","Moncton, New Brunswick","2011S0503305","Residential","Dollars","81","millions","6","v65583386","19.1","8897.1","","","","1"
"2014","Montréal, Quebec","2011S0503462","Residential","Dollars","81","millions","6","v65583393","20.1","409279.2","","","","1"
"2014","Québec, Quebec","2011S0503421","Residential","Dollars","81","millions","6","v65583390","21.1","76729.4","","","","1"
"2014","Saguenay, Quebec","2011S0503408","Residential","Dollars","81","millions","6","v65583389","22.1","11632.1","","","","1"
"2014","Sherbrooke, Quebec","2011S0503433","Residential","Dollars","81","millions","6","v65583391","23.1","17048.9","","","","1"
"2014","Trois-Rivières, Quebec","2011S0503442","Residential","Dollars","81","millions","6","v65583392","24.1","9425.6","","","","1"
"2014","Barrie, Ontario","2011S0503568","Residential","Dollars","81","millions","6","v65583408","25.1","22647.2","","","","1"
"2014","Brantford, Ontario","2011S0503543","Residential","Dollars","81","millions","6","v65583404","26.1","12244.0","","","","1"
"2014","Greater Sudbury, Ontario","2011S0503580","Residential","Dollars","81","millions","6","v65583409","27.1","15426.6","","","","1"
"2014","Guelph, Ontario","2011S0503550","Residential","Dollars","81","millions","6","v65583405","28.1","19205.7","","","","1"
"2014","Hamilton, Ontario","2011S0503537","Residential","Dollars","81","millions","6","v65583401","29.1","93308.6","","","","1"
"2014","Kingston, Ontario","2011S0503521","Residential","Dollars","81","millions","6","v65583397","30.1","18478.3","","","","1"
"2014","Kitchener-Cambridge-Waterloo, Ontario","2011S0503541","Residential","Dollars","81","millions","6","v65583403","31.1","54748.9","","","","1"
"2014","London, Ontario","2011S0503555","Residential","Dollars","81","millions","6","v65583406","32.1","44541.9","","","","1"
"2014","Oshawa, Ontario","2011S0503532","Residential","Dollars","81","millions","6","v65583399","33.1","43713.6","","","","1"
"2014","Ottawa-Gatineau, Ontario/Quebec","2011S0503505","Residential","Dollars","81","millions","6","v65583379","34.1","162527.0","","","","1"
"2014","Ottawa part","2011S050535505","Residential","Dollars","81","millions","6","v65583396","35.1","131863.4","","","","1"
"2014","Gatineau part","2011S050524505","Residential","Dollars","81","millions","6","v65583394","36.1","30663.7","","","","1"
"2014","Peterborough, Ontario","2011S0503529","Residential","Dollars","81","millions","6","v65583398","37.1","12938.7","","","","1"
"2014","St. Catharines-Niagara, Ontario","2011S0503539","Residential","Dollars","81","millions","6","v65583402","38.1","38092.8","","","","1"
"2014","Thunder Bay, Ontario","2011S0503595","Residential","Dollars","81","millions","6","v65583410","39.1","11191.3","","","","1"
"2014","Toronto, Ontario","2011S0503535","Residential","Dollars","81","millions","6","v65583400","40.1","1043127.1","","","","1"
"2014","Windsor, Ontario","2011S0503559","Residential","Dollars","81","millions","6","v65583407","41.1","22785.0","","","","1"
"2014","Winnipeg, Manitoba","2011S0503602","Residential","Dollars","81","millions","6","v65583412","42.1","73903.4","","","","1"
"2014","Regina, Saskatchewan","2011S0503705","Residential","Dollars","81","millions","6","v65583414","43.1","28861.2","","","","1"
"2014","Saskatoon, Saskatchewan","2011S0503725","Residential","Dollars","81","millions","6","v65583415","44.1","35994.5","","","","1"
"2014","Calgary, Alberta","2011S0503825","Residential","Dollars","81","millions","6","v65583417","45.1","239644.7","","","","1"
"2014","Edmonton, Alberta","2011S0503835","Residential","Dollars","81","millions","6","v65583418","46.1","182633.5","","","","1"
"2014","Kelowna, British Columbia","2011S0503915","Residential","Dollars","81","millions","6","v65583420","47.1","31682.1","","","","1"
"2014","Abbotsford-Mission, British Columbia","2011S0503932","Residential","Dollars","81","millions","6","v65583421","48.1","18815.1","","","","1"
"2014","Vancouver, British Columbia","2011S0503933","Residential","Dollars","81","millions","6","v65583422","49.1","570407.3","","","","1"
"2014","Victoria, British Columbia","2011S0503935","Residential","Dollars","81","millions","6","v65583423","50.1","63184.2","","","","1"
"2015","Canada","2016A000011124","Residential","Dollars","81","millions","6","v65583427","1.1","4821415.7","","","","1"
"2015","Newfoundland and Labrador","2016A000210","Residential","Dollars","81","millions","6","v65583380","2.1","43173.6","","","","1"
"2015","Prince Edward Island","2016A000211","Residential","Dollars","81","millions","6","v65583382","3.1","6815.6","","","","1"
"2015","Nova Scotia","2016A000212","Residential","Dollars","81","millions","6","v65583383","4.1","75609.9","","","","1"
"2015","New Brunswick","2016A000213","Residential","Dollars","81","millions","6","v65583385","5.1","40128.2","","","","1"
"2015","Quebec","2016A000224","Residential","Dollars","81","millions","6","v65583388","6.1","772235.2","","","","1"
"2015","Ontario","2016A000235","Residential","Dollars","81","millions","6","v65583395","7.1","2059967.7","","","","1"
"2015","Manitoba","2016A000246","Residential","Dollars","81","millions","6","v65583411","8.1","108306.5","","","","1"
"2015","Saskatchewan","2016A000247","Residential","Dollars","81","millions","6","v65583413","9.1","113177.8","","","","1"
"2015","Alberta","2016A000248","Residential","Dollars","81","millions","6","v65583416","10.1","608100.0","","","","1"
"2015","British Columbia","2016A000259","Residential","Dollars","81","millions","6","v65583419","11.1","986439.8","","","","1"
"2015","Yukon","2016A000260","Residential","Dollars","81","millions","6","v65583424","12.1","2391.4","","","","1"
"2015","Northwest Territories","2016A000261","Residential","Dollars","81","millions","6","v65583425","13.1","3697.7","","","","1"
"2015","Nunavut","2016A000262","Residential","Dollars","81","millions","6","v65583426","14.1","1372.4","","","","1"
"2015","Total census metropolitan areas","","Residential","Dollars","81","millions","6","v65583378","15.1","3776034.1","","","","1"
"2015","St. John's, Newfoundland and Labrador","2011S0503001","Residential","Dollars","81","millions","6","v65583381","16.1","22967.2","","","","1"
"2015","Halifax, Nova Scotia","2011S0503205","Residential","Dollars","81","millions","6","v65583384","17.1","41355.9","","","","1"
"2015","Saint John, New Brunswick","2011S0503310","Residential","Dollars","81","millions","6","v65583387","18.1","7758.5","","","","1"
"2015","Moncton, New Brunswick","2011S0503305","Residential","Dollars","81","millions","6","v65583386","19.1","8990.2","","","","1"
"2015","Montréal, Quebec","2011S0503462","Residential","Dollars","81","millions","6","v65583393","20.1","439417.0","","","","1"
"2015","Québec, Quebec","2011S0503421","Residential","Dollars","81","millions","6","v65583390","21.1","78698.5","","","","1"
"2015","Saguenay, Quebec","2011S0503408","Residential","Dollars","81","millions","6","v65583389","22.1","11840.0","","","","1"
"2015","Sherbrooke, Quebec","2011S0503433","Residential","Dollars","81","millions","6","v65583391","23.1","17451.1","","","","1"
"2015","Trois-Rivières, Quebec","2011S0503442","Residential","Dollars","81","millions","6","v65583392","24.1","9749.0","","","","1"
"2015","Barrie, Ontario","2011S0503568","Residential","Dollars","81","millions","6","v65583408","25.1","23654.4","","","","1"
"2015","Brantford, Ontario","2011S0503543","Residential","Dollars","81","millions","6","v65583404","26.1","12810.1","","","","1"
"2015","Greater Sudbury, Ontario","2011S0503580","Residential","Dollars","81","millions","6","v65583409","27.1","15225.5","","","","1"
"2015","Guelph, Ontario","2011S0503550","Residential","Dollars","81","millions","6","v65583405","28.1","20171.7","","","","1"
"2015","Hamilton, Ontario","2011S0503537","Residential","Dollars","81","millions","6","v65583401","29.1","103135.4","","","","1"
"2015","Kingston, Ontario","2011S0503521","Residential","Dollars","81","millions","6","v65583397","30.1","19234.7","","","","1"
"2015","Kitchener-Cambridge-Waterloo, Ontario","2011S0503541","Residential","Dollars","81","millions","6","v65583403","31.1","61235.4","","","","1"
"2015","London, Ontario","2011S0503555","Residential","Dollars","81","millions","6","v65583406","32.1","46833.1","","","","1"
"2015","Oshawa, Ontario","2011S0503532","Residential","Dollars","81","millions","6","v65583399","33.1","50547.3","","","","1"
"2015","Ottawa-Gatineau, Ontario/Quebec","2011S0503505","Residential","Dollars","81","millions","6","v65583379","34.1","169491.1","","","","1"
"2015","Ottawa part","2011S050535505","Residential","Dollars","81","millions","6","v65583396","35.1","137634.3","","","","1"
"2015","Gatineau part","2011S050524505","Residential","Dollars","81","millions","6","v65583394","36.1","31856.7","","","","1"
"2015","Peterborough, Ontario","2011S0503529","Residential","Dollars","81","millions","6","v65583398","37.1","13489.2","","","","1"
"2015","St. Catharines-Niagara, Ontario","2011S0503539","Residential","Dollars","81","millions","6","v65583402","38.1","41746.1","","","","1"
"2015","Thunder Bay, Ontario","2011S0503595","Residential","Dollars","81","millions","6","v65583410","39.1","11680.9","","","","1"
"2015","Toronto, Ontario","2011S0503535","Residential","Dollars","81","millions","6","v65583400","40.1","1166506.4","","","","1"
"2015","Windsor, Ontario","2011S0503559","Residential","Dollars","81","millions","6","v65583407","41.1","24128.1","","","","1"
"2015","Winnipeg, Manitoba","2011S0503602","Residential","Dollars","81","millions","6","v65583412","42.1","76571.8","","","","1"
"2015","Regina, Saskatchewan","2011S0503705","Residential","Dollars","81","millions","6","v65583414","43.1","29267.1","","","","1"
"2015","Saskatoon, Saskatchewan","2011S0503725","Residential","Dollars","81","millions","6","v65583415","44.1","37478.2","","","","1"
"2015","Calgary, Alberta","2011S0503825","Residential","Dollars","81","millions","6","v65583417","45.1","244111.2","","","","1"
"2015","Edmonton, Alberta","2011S0503835","Residential","Dollars","81","millions","6","v65583418","46.1","192704.7","","","","1"
"2015","Kelowna, British Columbia","2011S0503915","Residential","Dollars","81","millions","6","v65583420","47.1","34253.8","","","","1"
"2015","Abbotsford-Mission, British Columbia","2011S0503932","Residential","Dollars","81","millions","6","v65583421","48.1","20032.1","","","","1"
"2015","Vancouver, British Columbia","2011S0503933","Residential","Dollars","81","millions","6","v65583422","49.1","657215.8","","","","1"
"2015","Victoria, British Columbia","2011S0503935","Residential","Dollars","81","millions","6","v65583423","50.1","66282.8","","","","1"
