Y,00:00:00:000,,19-10,,1,
Y,00:00:00:000,,159-100,,1,
Y,00:00:00:000,,180-190,,1,
Y,00:00:00:001,population,19-11,out,1,02
Y,00:00:00:001,population,180-189,out,1,02
Y,00:00:00:002,population,20-11,out,1,02
Y,00:00:00:003,population,21-11,out,1,02
Y,00:00:00:004,population,22-11,out,1,02
Y,00:00:00:007,population,180-190,out,8,02
Y,00:00:00:007,population,159-100,out,8,02
Y,00:00:00:007,population,19-10,out,8,02
Y,00:00:00:008,population,179-190,out,1,02
Y,00:00:00:008,population,159-100,out,9,02
Y,00:00:00:008,population,180-189,out,8,02
Y,00:00:00:008,population,180-190,out,9,02
Y,00:00:00:008,population,20-10,out,1,02
Y,00:00:00:008,population,19-11,out,8,02
Y,00:00:00:008,population,19-10,out,9,02
Y,00:00:00:009,population,179-189,out,1,02
Y,00:00:00:009,population,180-190,out,-1,02
Y,00:00:00:009,population,159-100,out,10,02
Y,00:00:00:009,population,180-188,out,1,02
Y,00:00:00:009,population,180-189,out,9,02
Y,00:00:00:009,population,180-191,out,1,02
Y,00:00:00:009,population,20-11,out,8,02
Y,00:00:00:009,population,19-11,out,9,02
Y,00:00:00:009,population,19-10,out,10,02
Y,00:00:00:010,population,180-189,out,-1,02
Y,00:00:00:010,population,159-100,out,11,02
Y,00:00:00:010,population,160-100,out,1,02
Y,00:00:00:010,population,179-191,out,1,02
Y,00:00:00:010,population,181-191,out,1,02
Y,00:00:00:010,population,21-11,out,8,02
Y,00:00:00:010,population,20-12,out,1,02
Y,00:00:00:010,population,20-11,out,-1,02
Y,00:00:00:010,population,19-11,out,10,02
Y,00:00:00:010,population,19-10,out,11,02
Y,00:00:00:010,population,19-9,out,1,02
Y,00:00:00:011,population,159-100,out,12,02
Y,00:00:00:011,population,22-11,out,8,02
Y,00:00:00:011,population,21-11,out,9,02
Y,00:00:00:011,population,19-11,out,-1,02
Y,00:00:00:011,population,19-10,out,-1,02
Y,00:00:00:012,population,159-100,out,13,02
Y,00:00:00:012,population,23-11,out,1,02
Y,00:00:00:012,population,22-11,out,9,02
Y,00:00:00:012,population,21-11,out,10,02
Y,00:00:00:013,population,159-100,out,14,02
Y,00:00:00:013,population,24-11,out,1,02
Y,00:00:00:013,population,23-10,out,1,02
Y,00:00:00:013,population,22-12,out,1,02
Y,00:00:00:013,population,22-11,out,10,02
Y,00:00:00:013,population,21-11,out,11,02
Y,00:00:00:014,population,159-100,out,15,02
Y,00:00:00:014,population,23-9,out,1,02
Y,00:00:00:014,population,22-11,out,11,02
Y,00:00:00:014,population,21-12,out,1,02
Y,00:00:00:014,population,21-11,out,12,02
Y,00:00:00:015,population,179-190,out,8,02
Y,00:00:00:015,population,159-100,out,16,02
Y,00:00:00:015,population,22-11,out,12,02
Y,00:00:00:015,population,21-11,out,13,02
Y,00:00:00:015,population,20-10,out,8,02
Y,00:00:00:016,population,180-191,out,8,02
Y,00:00:00:016,population,180-188,out,8,02
Y,00:00:00:016,population,179-190,out,9,02
Y,00:00:00:016,population,179-189,out,8,02
Y,00:00:00:016,population,22-11,out,13,02
Y,00:00:00:016,population,21-11,out,14,02
Y,00:00:00:016,population,20-10,out,9,02
Y,00:00:00:017,population,180-191,out,9,02
Y,00:00:00:017,population,180-188,out,-1,02
Y,00:00:00:017,population,179-191,out,8,02
Y,00:00:00:017,population,179-190,out,10,02
Y,00:00:00:017,population,179-189,out,9,02
Y,00:00:00:017,population,178-189,out,1,02
Y,00:00:00:017,population,160-100,out,8,02
Y,00:00:00:017,population,22-11,out,-1,02
Y,00:00:00:017,population,21-11,out,15,02
Y,00:00:00:017,population,20-12,out,8,02
Y,00:00:00:017,population,20-10,out,10,02
Y,00:00:00:017,population,19-9,out,8,02
Y,00:00:00:017,population,181-191,out,8,02
Y,00:00:00:018,population,179-191,out,9,02
Y,00:00:00:018,population,180-191,out,10,02
Y,00:00:00:018,population,181-191,out,9,02
Y,00:00:00:018,population,179-190,out,11,02
Y,00:00:00:018,population,179-189,out,10,02
Y,00:00:00:018,population,179-188,out,1,02
Y,00:00:00:018,population,179-192,out,1,02
Y,00:00:00:018,population,160-100,out,9,02
Y,00:00:00:018,population,21-11,out,16,02
Y,00:00:00:018,population,20-12,out,9,02
Y,00:00:00:018,population,20-10,out,11,02
Y,00:00:00:018,population,19-9,out,9,02
Y,00:00:00:019,population,23-11,out,8,02
Y,00:00:00:019,population,179-190,out,12,02
Y,00:00:00:019,population,179-191,out,10,02
Y,00:00:00:019,population,180-191,out,-1,02
Y,00:00:00:019,population,181-191,out,10,02
Y,00:00:00:019,population,181-190,out,1,02
Y,00:00:00:019,population,178-190,out,1,02
Y,00:00:00:019,population,179-189,out,11,02
Y,00:00:00:019,population,178-192,out,1,02
Y,00:00:00:019,population,160-100,out,10,02
Y,00:00:00:019,population,21-10,out,1,02
Y,00:00:00:019,population,20-12,out,10,02
Y,00:00:00:019,population,20-10,out,12,02
Y,00:00:00:019,population,19-9,out,10,02
Y,00:00:00:020,population,23-11,out,9,02
Y,00:00:00:020,population,23-10,out,8,02
Y,00:00:00:020,population,22-12,out,8,02
Y,00:00:00:020,population,24-11,out,8,02
Y,00:00:00:020,population,179-189,out,12,02
Y,00:00:00:020,population,179-190,out,13,02
Y,00:00:00:020,population,179-191,out,11,02
Y,00:00:00:020,population,181-191,out,11,02
Y,00:00:00:020,population,181-192,out,1,02
Y,00:00:00:020,population,177-190,out,1,02
Y,00:00:00:020,population,160-100,out,11,02
Y,00:00:00:020,population,160-101,out,1,02
Y,00:00:00:020,population,20-12,out,11,02
Y,00:00:00:020,population,20-10,out,13,02
Y,00:00:00:020,population,19-9,out,11,02
Y,00:00:00:021,population,23-10,out,-1,02
Y,00:00:00:021,population,23-11,out,-1,02
Y,00:00:00:021,population,24-11,out,9,02
Y,00:00:00:021,population,23-9,out,8,02
Y,00:00:00:021,population,22-12,out,9,02
Y,00:00:00:021,population,21-12,out,8,02
Y,00:00:00:021,population,179-189,out,13,02
Y,00:00:00:021,population,179-190,out,14,02
Y,00:00:00:021,population,179-191,out,12,02
Y,00:00:00:021,population,181-191,out,12,02
Y,00:00:00:021,population,180-192,out,1,02
Y,00:00:00:021,population,160-100,out,12,02
Y,00:00:00:021,population,20-12,out,12,02
Y,00:00:00:021,population,20-10,out,14,02
Y,00:00:00:021,population,19-9,out,12,02
Y,00:00:00:022,population,23-9,out,9,02
Y,00:00:00:022,population,24-11,out,10,02
Y,00:00:00:022,population,24-9,out,1,02
Y,00:00:00:022,population,22-12,out,-1,02
Y,00:00:00:022,population,21-12,out,9,02
Y,00:00:00:022,population,20-12,out,13,02
Y,00:00:00:022,population,179-189,out,14,02
Y,00:00:00:022,population,179-190,out,-1,02
Y,00:00:00:022,population,179-191,out,13,02
Y,00:00:00:022,population,181-191,out,13,02
Y,00:00:00:022,population,182-191,out,1,02
Y,00:00:00:022,population,160-100,out,13,02
Y,00:00:00:022,population,20-10,out,-1,02
Y,00:00:00:022,population,19-9,out,13,02
Y,00:00:00:022,population,19-8,out,1,02
Y,00:00:00:023,population,23-9,out,10,02
Y,00:00:00:023,population,24-11,out,-1,02
Y,00:00:00:023,population,24-12,out,1,02
Y,00:00:00:023,population,21-13,out,1,02
Y,00:00:00:023,population,21-12,out,10,02
Y,00:00:00:023,population,20-12,out,14,02
Y,00:00:00:023,population,179-189,out,15,02
Y,00:00:00:023,population,179-191,out,14,02
Y,00:00:00:023,population,181-191,out,14,02
Y,00:00:00:023,population,182-192,out,1,02
Y,00:00:00:023,population,160-99,out,1,02
Y,00:00:00:023,population,160-100,out,14,02
Y,00:00:00:023,population,19-9,out,14,02
Y,00:00:00:024,population,23-12,out,1,02
Y,00:00:00:024,population,23-9,out,-1,02
Y,00:00:00:024,population,21-12,out,11,02
Y,00:00:00:024,population,20-12,out,15,02
Y,00:00:00:024,population,178-189,out,8,02
Y,00:00:00:024,population,179-189,out,-1,02
Y,00:00:00:024,population,179-191,out,15,02
Y,00:00:00:024,population,181-191,out,15,02
Y,00:00:00:024,population,160-100,out,-1,02
Y,00:00:00:024,population,19-9,out,15,02
Y,00:00:00:025,population,179-191,out,16,02
Y,00:00:00:025,population,179-188,out,8,02
Y,00:00:00:025,population,178-189,out,9,02
Y,00:00:00:025,population,21-12,out,12,02
Y,00:00:00:025,population,20-12,out,16,02
Y,00:00:00:025,population,179-192,out,8,02
Y,00:00:00:025,population,181-191,out,16,02
Y,00:00:00:025,population,19-9,out,16,02
Y,00:00:00:026,population,179-192,out,9,02
Y,00:00:00:026,population,179-188,out,9,02
Y,00:00:00:026,population,178-192,out,8,02
Y,00:00:00:026,population,178-190,out,8,02
Y,00:00:00:026,population,178-189,out,10,02
Y,00:00:00:026,population,178-188,out,1,02
Y,00:00:00:026,population,21-12,out,13,02
Y,00:00:00:026,population,21-10,out,8,02
Y,00:00:00:026,population,181-190,out,8,02
Y,00:00:00:027,population,181-192,out,8,02
Y,00:00:00:027,population,181-190,out,9,02
Y,00:00:00:027,population,179-192,out,-1,02
Y,00:00:00:027,population,179-188,out,10,02
Y,00:00:00:027,population,178-192,out,9,02
Y,00:00:00:027,population,178-190,out,-1,02
Y,00:00:00:027,population,178-189,out,11,02
Y,00:00:00:027,population,177-192,out,1,02
Y,00:00:00:027,population,177-190,out,8,02
Y,00:00:00:027,population,160-101,out,8,02
Y,00:00:00:027,population,21-12,out,14,02
Y,00:00:00:027,population,21-10,out,9,02
Y,00:00:00:028,population,180-192,out,8,02
Y,00:00:00:028,population,181-192,out,-1,02
Y,00:00:00:028,population,181-190,out,10,02
Y,00:00:00:028,population,179-188,out,11,02
Y,00:00:00:028,population,178-192,out,10,02
Y,00:00:00:028,population,178-189,out,12,02
Y,00:00:00:028,population,177-190,out,-1,02
Y,00:00:00:028,population,160-101,out,9,02
Y,00:00:00:028,population,21-12,out,15,02
Y,00:00:00:028,population,21-10,out,10,02
Y,00:00:00:029,population,182-191,out,8,02
Y,00:00:00:029,population,181-190,out,11,02
Y,00:00:00:029,population,180-192,out,9,02
Y,00:00:00:029,population,179-188,out,-1,02
Y,00:00:00:029,population,178-192,out,-1,02
Y,00:00:00:029,population,178-189,out,13,02
Y,00:00:00:029,population,160-101,out,10,02
Y,00:00:00:029,population,24-9,out,8,02
Y,00:00:00:029,population,21-12,out,-1,02
Y,00:00:00:029,population,21-10,out,11,02
Y,00:00:00:029,population,19-8,out,8,02
Y,00:00:00:030,population,182-191,out,9,02
Y,00:00:00:030,population,182-190,out,1,02
Y,00:00:00:030,population,181-190,out,-1,02
Y,00:00:00:030,population,180-192,out,10,02
Y,00:00:00:030,population,178-189,out,14,02
Y,00:00:00:030,population,161-101,out,1,02
Y,00:00:00:030,population,160-101,out,11,02
Y,00:00:00:030,population,160-99,out,8,02
Y,00:00:00:030,population,24-12,out,8,02
Y,00:00:00:030,population,24-9,out,9,02
Y,00:00:00:030,population,182-192,out,8,02
Y,00:00:00:030,population,21-13,out,8,02
Y,00:00:00:030,population,21-10,out,12,02
Y,00:00:00:030,population,19-8,out,9,02
Y,00:00:00:031,population,182-191,out,-1,02
Y,00:00:00:031,population,182-192,out,-1,02
Y,00:00:00:031,population,180-192,out,11,02
Y,00:00:00:031,population,178-189,out,15,02
Y,00:00:00:031,population,160-101,out,-1,02
Y,00:00:00:031,population,160-99,out,9,02
Y,00:00:00:031,population,24-12,out,9,02
Y,00:00:00:031,population,24-9,out,-1,02
Y,00:00:00:031,population,23-12,out,8,02
Y,00:00:00:031,population,21-13,out,9,02
Y,00:00:00:031,population,21-10,out,13,02
Y,00:00:00:031,population,19-8,out,10,02
Y,00:00:00:032,population,180-192,out,12,02
Y,00:00:00:032,population,178-189,out,16,02
Y,00:00:00:032,population,160-99,out,10,02
Y,00:00:00:032,population,24-13,out,1,02
Y,00:00:00:032,population,24-12,out,10,02
Y,00:00:00:032,population,23-12,out,9,02
Y,00:00:00:032,population,21-13,out,10,02
Y,00:00:00:032,population,21-10,out,14,02
Y,00:00:00:032,population,19-8,out,11,02
Y,00:00:00:033,population,180-192,out,-1,02
Y,00:00:00:033,population,178-188,out,8,02
Y,00:00:00:033,population,160-99,out,11,02
Y,00:00:00:033,population,24-12,out,11,02
Y,00:00:00:033,population,23-12,out,10,02
Y,00:00:00:033,population,21-13,out,11,02
Y,00:00:00:033,population,21-10,out,15,02
Y,00:00:00:033,population,19-8,out,12,02
Y,00:00:00:034,population,177-192,out,8,02
Y,00:00:00:034,population,178-187,out,1,02
Y,00:00:00:034,population,178-188,out,9,02
Y,00:00:00:034,population,160-99,out,-1,02
Y,00:00:00:034,population,24-12,out,12,02
Y,00:00:00:034,population,23-12,out,11,02
Y,00:00:00:034,population,21-13,out,12,02
Y,00:00:00:034,population,21-10,out,-1,02
Y,00:00:00:034,population,19-8,out,-1,02
Y,00:00:00:035,population,177-192,out,9,02
Y,00:00:00:035,population,178-188,out,10,02
Y,00:00:00:035,population,24-12,out,13,02
Y,00:00:00:035,population,23-12,out,12,02
Y,00:00:00:035,population,21-13,out,13,02
Y,00:00:00:036,population,176-192,out,1,02
Y,00:00:00:036,population,177-192,out,10,02
Y,00:00:00:036,population,177-188,out,1,02
Y,00:00:00:036,population,178-188,out,11,02
Y,00:00:00:036,population,24-12,out,14,02
Y,00:00:00:036,population,23-12,out,13,02
Y,00:00:00:036,population,21-13,out,14,02
Y,00:00:00:037,population,182-190,out,8,02
Y,00:00:00:037,population,178-188,out,12,02
Y,00:00:00:037,population,177-192,out,11,02
Y,00:00:00:037,population,177-189,out,1,02
Y,00:00:00:037,population,161-101,out,8,02
Y,00:00:00:037,population,24-12,out,15,02
Y,00:00:00:037,population,23-12,out,14,02
Y,00:00:00:037,population,21-14,out,1,02
Y,00:00:00:037,population,21-13,out,15,02
Y,00:00:00:038,population,182-190,out,9,02
Y,00:00:00:038,population,178-188,out,13,02
Y,00:00:00:038,population,177-192,out,12,02
Y,00:00:00:038,population,161-102,out,1,02
Y,00:00:00:038,population,161-101,out,9,02
Y,00:00:00:038,population,24-12,out,16,02
Y,00:00:00:038,population,23-13,out,1,02
Y,00:00:00:038,population,23-12,out,15,02
Y,00:00:00:038,population,21-15,out,1,02
Y,00:00:00:038,population,21-13,out,16,02
Y,00:00:00:039,population,182-190,out,10,02
Y,00:00:00:039,population,178-188,out,14,02
Y,00:00:00:039,population,177-192,out,13,02
Y,00:00:00:039,population,161-101,out,10,02
Y,00:00:00:039,population,24-13,out,8,02
Y,00:00:00:039,population,23-12,out,16,02
Y,00:00:00:039,population,22-15,out,1,02
Y,00:00:00:040,population,182-189,out,1,02
Y,00:00:00:040,population,182-190,out,11,02
Y,00:00:00:040,population,178-188,out,15,02
Y,00:00:00:040,population,177-192,out,14,02
Y,00:00:00:040,population,161-101,out,11,02
Y,00:00:00:040,population,24-13,out,-1,02
Y,00:00:00:041,population,182-190,out,12,02
Y,00:00:00:041,population,178-188,out,16,02
Y,00:00:00:041,population,178-187,out,8,02
Y,00:00:00:041,population,177-192,out,15,02
Y,00:00:00:041,population,161-101,out,12,02
Y,00:00:00:042,population,182-190,out,13,02
Y,00:00:00:042,population,178-187,out,9,02
Y,00:00:00:042,population,177-192,out,-1,02
Y,00:00:00:042,population,162-101,out,1,02
Y,00:00:00:042,population,161-101,out,13,02
Y,00:00:00:043,population,177-188,out,8,02
Y,00:00:00:043,population,182-190,out,14,02
Y,00:00:00:043,population,178-187,out,10,02
Y,00:00:00:043,population,176-192,out,8,02
Y,00:00:00:043,population,163-101,out,1,02
Y,00:00:00:043,population,161-101,out,-1,02
Y,00:00:00:043,population,161-100,out,1,02
Y,00:00:00:044,population,177-188,out,9,02
Y,00:00:00:044,population,176-192,out,9,02
Y,00:00:00:044,population,162-100,out,1,02
Y,00:00:00:044,population,21-14,out,8,02
Y,00:00:00:044,population,177-189,out,8,02
Y,00:00:00:044,population,182-190,out,15,02
Y,00:00:00:044,population,178-187,out,11,02
Y,00:00:00:045,population,161-102,out,8,02
Y,00:00:00:045,population,23-13,out,8,02
Y,00:00:00:045,population,177-188,out,-1,02
Y,00:00:00:045,population,177-189,out,9,02
Y,00:00:00:045,population,176-192,out,10,02
Y,00:00:00:045,population,21-15,out,8,02
Y,00:00:00:045,population,21-14,out,9,02
Y,00:00:00:045,population,182-190,out,16,02
Y,00:00:00:045,population,178-186,out,1,02
Y,00:00:00:045,population,178-187,out,-1,02
Y,00:00:00:046,population,161-102,out,9,02
Y,00:00:00:046,population,22-15,out,8,02
Y,00:00:00:046,population,22-13,out,1,02
Y,00:00:00:046,population,23-13,out,9,02
Y,00:00:00:046,population,23-14,out,1,02
Y,00:00:00:046,population,177-189,out,10,02
Y,00:00:00:046,population,175-192,out,1,02
Y,00:00:00:046,population,176-192,out,11,02
Y,00:00:00:046,population,176-193,out,1,02
Y,00:00:00:046,population,21-15,out,-1,02
Y,00:00:00:046,population,21-14,out,10,02
Y,00:00:00:046,population,179-186,out,1,02
Y,00:00:00:047,population,182-189,out,8,02
Y,00:00:00:047,population,180-186,out,1,02
Y,00:00:00:047,population,177-189,out,11,02
Y,00:00:00:047,population,176-192,out,12,02
Y,00:00:00:047,population,176-191,out,1,02
Y,00:00:00:047,population,174-192,out,1,02
Y,00:00:00:047,population,161-102,out,-1,02
Y,00:00:00:047,population,23-13,out,10,02
Y,00:00:00:047,population,22-15,out,9,02
Y,00:00:00:047,population,21-14,out,11,02
Y,00:00:00:048,population,181-189,out,1,02
Y,00:00:00:048,population,182-189,out,9,02
Y,00:00:00:048,population,183-189,out,1,02
Y,00:00:00:048,population,177-189,out,12,02
Y,00:00:00:048,population,176-192,out,13,02
Y,00:00:00:048,population,23-13,out,11,02
Y,00:00:00:048,population,22-15,out,-1,02
Y,00:00:00:048,population,21-14,out,-1,02
Y,00:00:00:049,population,162-101,out,8,02
Y,00:00:00:049,population,181-188,out,1,02
Y,00:00:00:049,population,182-189,out,10,02
Y,00:00:00:049,population,177-189,out,13,02
Y,00:00:00:049,population,176-192,out,14,02
Y,00:00:00:049,population,23-13,out,-1,02
Y,00:00:00:050,population,162-101,out,9,02
Y,00:00:00:050,population,161-100,out,8,02
Y,00:00:00:050,population,163-101,out,8,02
Y,00:00:00:050,population,182-189,out,11,02
Y,00:00:00:050,population,177-189,out,14,02
Y,00:00:00:050,population,176-192,out,15,02
Y,00:00:00:051,population,162-100,out,8,02
Y,00:00:00:051,population,162-101,out,10,02
Y,00:00:00:051,population,163-101,out,9,02
Y,00:00:00:051,population,161-100,out,9,02
Y,00:00:00:051,population,182-189,out,12,02
Y,00:00:00:051,population,177-189,out,15,02
Y,00:00:00:051,population,176-192,out,16,02
Y,00:00:00:052,population,178-186,out,8,02
Y,00:00:00:052,population,177-189,out,-1,02
Y,00:00:00:052,population,163-101,out,10,02
Y,00:00:00:052,population,162-101,out,11,02
Y,00:00:00:052,population,162-100,out,9,02
Y,00:00:00:052,population,161-100,out,10,02
Y,00:00:00:052,population,182-189,out,13,02
Y,00:00:00:053,population,178-186,out,9,02
Y,00:00:00:053,population,178-185,out,1,02
Y,00:00:00:053,population,176-193,out,8,02
Y,00:00:00:053,population,175-192,out,8,02
Y,00:00:00:053,population,163-101,out,11,02
Y,00:00:00:053,population,162-101,out,-1,02
Y,00:00:00:053,population,162-100,out,10,02
Y,00:00:00:053,population,161-100,out,11,02
Y,00:00:00:053,population,23-14,out,8,02
Y,00:00:00:053,population,22-13,out,8,02
Y,00:00:00:053,population,179-186,out,8,02
Y,00:00:00:053,population,182-189,out,14,02
Y,00:00:00:054,population,179-186,out,9,02
Y,00:00:00:054,population,178-186,out,-1,02
Y,00:00:00:054,population,176-193,out,-1,02
Y,00:00:00:054,population,176-191,out,8,02
Y,00:00:00:054,population,175-192,out,9,02
Y,00:00:00:054,population,174-192,out,8,02
Y,00:00:00:054,population,163-102,out,1,02
Y,00:00:00:054,population,163-101,out,12,02
Y,00:00:00:054,population,162-100,out,11,02
Y,00:00:00:054,population,161-100,out,12,02
Y,00:00:00:054,population,23-14,out,9,02
Y,00:00:00:054,population,22-13,out,9,02
Y,00:00:00:054,population,180-186,out,8,02
Y,00:00:00:054,population,182-189,out,-1,02
Y,00:00:00:055,population,181-189,out,8,02
Y,00:00:00:055,population,180-186,out,-1,02
Y,00:00:00:055,population,179-186,out,10,02
Y,00:00:00:055,population,176-191,out,9,02
Y,00:00:00:055,population,175-192,out,10,02
Y,00:00:00:055,population,174-192,out,9,02
Y,00:00:00:055,population,163-101,out,13,02
Y,00:00:00:055,population,162-100,out,-1,02
Y,00:00:00:055,population,161-100,out,13,02
Y,00:00:00:055,population,23-14,out,10,02
Y,00:00:00:055,population,22-14,out,1,02
Y,00:00:00:055,population,22-13,out,-1,02
Y,00:00:00:055,population,183-189,out,8,02
Y,00:00:00:056,population,181-188,out,8,02
Y,00:00:00:056,population,181-189,out,9,02
Y,00:00:00:056,population,179-186,out,11,02
Y,00:00:00:056,population,176-191,out,10,02
Y,00:00:00:056,population,175-192,out,11,02
Y,00:00:00:056,population,174-192,out,10,02
Y,00:00:00:056,population,163-101,out,14,02
Y,00:00:00:056,population,161-100,out,14,02
Y,00:00:00:056,population,23-14,out,11,02
Y,00:00:00:056,population,183-189,out,9,02
Y,00:00:00:057,population,181-187,out,1,02
Y,00:00:00:057,population,181-188,out,-1,02
Y,00:00:00:057,population,181-189,out,10,02
Y,00:00:00:057,population,179-186,out,12,02
Y,00:00:00:057,population,176-191,out,11,02
Y,00:00:00:057,population,175-192,out,-1,02
Y,00:00:00:057,population,174-192,out,11,02
Y,00:00:00:057,population,163-101,out,15,02
Y,00:00:00:057,population,161-100,out,-1,02
Y,00:00:00:057,population,23-14,out,12,02
Y,00:00:00:057,population,183-189,out,10,02
Y,00:00:00:057,population,184-189,out,1,02
Y,00:00:00:058,population,180-187,out,1,02
Y,00:00:00:058,population,181-189,out,11,02
Y,00:00:00:058,population,179-186,out,13,02
Y,00:00:00:058,population,176-191,out,12,02
Y,00:00:00:058,population,176-190,out,1,02
Y,00:00:00:058,population,174-193,out,1,02
Y,00:00:00:058,population,174-192,out,12,02
Y,00:00:00:058,population,163-101,out,16,02
Y,00:00:00:058,population,23-14,out,13,02
Y,00:00:00:058,population,183-189,out,11,02
Y,00:00:00:059,population,181-189,out,-1,02
Y,00:00:00:059,population,179-186,out,14,02
Y,00:00:00:059,population,176-191,out,13,02
Y,00:00:00:059,population,176-189,out,1,02
Y,00:00:00:059,population,175-193,out,1,02
Y,00:00:00:059,population,175-190,out,1,02
Y,00:00:00:059,population,174-194,out,1,02
Y,00:00:00:059,population,174-192,out,13,02
Y,00:00:00:059,population,173-192,out,1,02
Y,00:00:00:059,population,23-14,out,-1,02
Y,00:00:00:059,population,183-189,out,12,02
Y,00:00:00:060,population,178-185,out,8,02
Y,00:00:00:060,population,179-186,out,-1,02
Y,00:00:00:060,population,177-191,out,1,02
Y,00:00:00:060,population,176-191,out,14,02
Y,00:00:00:060,population,174-192,out,14,02
Y,00:00:00:060,population,172-192,out,1,02
Y,00:00:00:060,population,183-189,out,13,02
Y,00:00:00:061,population,163-102,out,8,02
Y,00:00:00:061,population,178-185,out,9,02
Y,00:00:00:061,population,176-191,out,-1,02
Y,00:00:00:061,population,174-192,out,15,02
Y,00:00:00:061,population,183-189,out,14,02
Y,00:00:00:062,population,22-14,out,8,02
Y,00:00:00:062,population,163-102,out,9,02
Y,00:00:00:062,population,178-185,out,10,02
Y,00:00:00:062,population,174-192,out,16,02
Y,00:00:00:062,population,183-189,out,15,02
Y,00:00:00:063,population,22-14,out,-1,02
Y,00:00:00:063,population,163-102,out,10,02
Y,00:00:00:063,population,178-184,out,1,02
Y,00:00:00:063,population,178-185,out,11,02
Y,00:00:00:063,population,183-189,out,16,02
Y,00:00:00:064,population,181-187,out,8,02
Y,00:00:00:064,population,178-185,out,12,02
Y,00:00:00:064,population,163-102,out,11,02
Y,00:00:00:064,population,184-189,out,8,02
Y,00:00:00:065,population,176-190,out,8,02
Y,00:00:00:065,population,174-193,out,8,02
Y,00:00:00:065,population,180-187,out,8,02
Y,00:00:00:065,population,181-187,out,9,02
Y,00:00:00:065,population,182-187,out,1,02
Y,00:00:00:065,population,178-185,out,13,02
Y,00:00:00:065,population,163-103,out,1,02
Y,00:00:00:065,population,163-102,out,12,02
Y,00:00:00:065,population,184-189,out,9,02
Y,00:00:00:065,population,185-189,out,1,02
Y,00:00:00:066,population,175-190,out,8,02
Y,00:00:00:066,population,174-194,out,8,02
Y,00:00:00:066,population,174-193,out,9,02
Y,00:00:00:066,population,173-192,out,8,02
Y,00:00:00:066,population,176-189,out,8,02
Y,00:00:00:066,population,176-190,out,-1,02
Y,00:00:00:066,population,175-193,out,8,02
Y,00:00:00:066,population,180-187,out,9,02
Y,00:00:00:066,population,181-187,out,10,02
Y,00:00:00:066,population,178-185,out,14,02
Y,00:00:00:066,population,164-102,out,1,02
Y,00:00:00:066,population,163-102,out,13,02
Y,00:00:00:066,population,184-189,out,10,02
Y,00:00:00:067,population,177-191,out,8,02
Y,00:00:00:067,population,177-185,out,1,02
Y,00:00:00:067,population,176-189,out,9,02
Y,00:00:00:067,population,175-193,out,9,02
Y,00:00:00:067,population,175-190,out,9,02
Y,00:00:00:067,population,174-194,out,9,02
Y,00:00:00:067,population,174-193,out,10,02
Y,00:00:00:067,population,173-192,out,9,02
Y,00:00:00:067,population,172-192,out,8,02
Y,00:00:00:067,population,180-187,out,-1,02
Y,00:00:00:067,population,181-187,out,11,02
Y,00:00:00:067,population,178-185,out,15,02
Y,00:00:00:067,population,163-102,out,14,02
Y,00:00:00:067,population,184-189,out,11,02
Y,00:00:00:068,population,177-191,out,9,02
Y,00:00:00:068,population,178-185,out,16,02
Y,00:00:00:068,population,176-189,out,10,02
Y,00:00:00:068,population,175-193,out,10,02
Y,00:00:00:068,population,175-190,out,10,02
Y,00:00:00:068,population,174-194,out,10,02
Y,00:00:00:068,population,174-193,out,-1,02
Y,00:00:00:068,population,174-190,out,1,02
Y,00:00:00:068,population,173-192,out,10,02
Y,00:00:00:068,population,172-192,out,9,02
Y,00:00:00:068,population,181-187,out,-1,02
Y,00:00:00:068,population,163-102,out,-1,02
Y,00:00:00:068,population,184-189,out,12,02
Y,00:00:00:069,population,177-191,out,10,02
Y,00:00:00:069,population,176-189,out,11,02
Y,00:00:00:069,population,175-193,out,11,02
Y,00:00:00:069,population,175-190,out,11,02
Y,00:00:00:069,population,175-189,out,1,02
Y,00:00:00:069,population,174-194,out,11,02
Y,00:00:00:069,population,173-194,out,1,02
Y,00:00:00:069,population,173-192,out,11,02
Y,00:00:00:069,population,173-190,out,1,02
Y,00:00:00:069,population,172-192,out,10,02
Y,00:00:00:069,population,184-189,out,13,02
Y,00:00:00:070,population,178-184,out,8,02
Y,00:00:00:070,population,177-191,out,-1,02
Y,00:00:00:070,population,176-189,out,12,02
Y,00:00:00:070,population,175-193,out,-1,02
Y,00:00:00:070,population,175-190,out,12,02
Y,00:00:00:070,population,174-194,out,12,02
Y,00:00:00:070,population,173-195,out,1,02
Y,00:00:00:070,population,173-192,out,12,02
Y,00:00:00:070,population,173-189,out,1,02
Y,00:00:00:070,population,172-192,out,11,02
Y,00:00:00:070,population,184-189,out,14,02
Y,00:00:00:071,population,177-184,out,1,02
Y,00:00:00:071,population,178-184,out,9,02
Y,00:00:00:071,population,179-184,out,1,02
Y,00:00:00:071,population,176-189,out,13,02
Y,00:00:00:071,population,175-191,out,1,02
Y,00:00:00:071,population,175-190,out,13,02
Y,00:00:00:071,population,174-194,out,13,02
Y,00:00:00:071,population,173-192,out,13,02
Y,00:00:00:071,population,172-192,out,12,02
Y,00:00:00:071,population,172-191,out,1,02
Y,00:00:00:071,population,171-192,out,1,02
Y,00:00:00:071,population,184-189,out,15,02
Y,00:00:00:071,population,184-190,out,1,02
Y,00:00:00:072,population,184-189,out,-1,02
Y,00:00:00:072,population,182-187,out,8,02
Y,00:00:00:072,population,180-184,out,1,02
Y,00:00:00:072,population,179-185,out,1,02
Y,00:00:00:072,population,178-184,out,10,02
Y,00:00:00:072,population,176-189,out,-1,02
Y,00:00:00:072,population,175-190,out,14,02
Y,00:00:00:072,population,174-194,out,14,02
Y,00:00:00:072,population,173-192,out,14,02
Y,00:00:00:072,population,172-192,out,13,02
Y,00:00:00:072,population,172-190,out,1,02
Y,00:00:00:072,population,163-103,out,8,02
Y,00:00:00:072,population,185-189,out,8,02
Y,00:00:00:073,population,164-102,out,8,02
Y,00:00:00:073,population,185-189,out,9,02
Y,00:00:00:073,population,182-186,out,1,02
Y,00:00:00:073,population,182-187,out,9,02
Y,00:00:00:073,population,182-188,out,1,02
Y,00:00:00:073,population,180-185,out,1,02
Y,00:00:00:073,population,178-184,out,11,02
Y,00:00:00:073,population,175-190,out,15,02
Y,00:00:00:073,population,174-194,out,15,02
Y,00:00:00:073,population,172-192,out,14,02
Y,00:00:00:073,population,173-192,out,-1,02
Y,00:00:00:073,population,163-103,out,9,02
Y,00:00:00:073,population,185-188,out,1,02
Y,00:00:00:074,population,177-185,out,8,02
Y,00:00:00:074,population,175-190,out,-1,02
Y,00:00:00:074,population,174-194,out,16,02
Y,00:00:00:074,population,172-192,out,-1,02
Y,00:00:00:074,population,164-102,out,9,02
Y,00:00:00:074,population,185-189,out,10,02
Y,00:00:00:074,population,186-189,out,1,02
Y,00:00:00:074,population,182-187,out,10,02
Y,00:00:00:074,population,178-184,out,12,02
Y,00:00:00:074,population,163-103,out,10,02
Y,00:00:00:075,population,177-185,out,9,02
Y,00:00:00:075,population,174-190,out,8,02
Y,00:00:00:075,population,164-102,out,10,02
Y,00:00:00:075,population,185-189,out,11,02
Y,00:00:00:075,population,182-187,out,11,02
Y,00:00:00:075,population,178-184,out,13,02
Y,00:00:00:075,population,163-104,out,1,02
Y,00:00:00:075,population,163-103,out,11,02
Y,00:00:00:076,population,175-189,out,8,02
Y,00:00:00:076,population,174-190,out,-1,02
Y,00:00:00:076,population,173-194,out,8,02
Y,00:00:00:076,population,177-185,out,10,02
Y,00:00:00:076,population,173-190,out,8,02
Y,00:00:00:076,population,164-102,out,11,02
Y,00:00:00:076,population,164-101,out,1,02
Y,00:00:00:076,population,185-189,out,-1,02
Y,00:00:00:076,population,182-187,out,-1,02
Y,00:00:00:076,population,178-184,out,14,02
Y,00:00:00:076,population,163-103,out,12,02
Y,00:00:00:077,population,173-194,out,9,02
Y,00:00:00:077,population,173-190,out,9,02
Y,00:00:00:077,population,175-189,out,9,02
Y,00:00:00:077,population,173-195,out,8,02
Y,00:00:00:077,population,177-185,out,11,02
Y,00:00:00:077,population,173-189,out,8,02
Y,00:00:00:077,population,164-102,out,12,02
Y,00:00:00:077,population,178-184,out,15,02
Y,00:00:00:077,population,163-103,out,-1,02
Y,00:00:00:078,population,184-190,out,8,02
Y,00:00:00:078,population,179-184,out,8,02
Y,00:00:00:078,population,178-184,out,16,02
Y,00:00:00:078,population,177-185,out,12,02
Y,00:00:00:078,population,177-184,out,8,02
Y,00:00:00:078,population,176-185,out,1,02
Y,00:00:00:078,population,175-191,out,8,02
Y,00:00:00:078,population,175-189,out,-1,02
Y,00:00:00:078,population,173-195,out,-1,02
Y,00:00:00:078,population,173-194,out,10,02
Y,00:00:00:078,population,173-190,out,10,02
Y,00:00:00:078,population,173-189,out,9,02
Y,00:00:00:078,population,172-191,out,8,02
Y,00:00:00:078,population,171-192,out,8,02
Y,00:00:00:078,population,164-102,out,-1,02
Y,00:00:00:079,population,179-185,out,8,02
Y,00:00:00:079,population,179-184,out,9,02
Y,00:00:00:079,population,177-185,out,13,02
Y,00:00:00:079,population,177-184,out,-1,02
Y,00:00:00:079,population,176-186,out,1,02
Y,00:00:00:079,population,175-191,out,9,02
Y,00:00:00:079,population,173-194,out,11,02
Y,00:00:00:079,population,184-190,out,9,02
Y,00:00:00:079,population,180-184,out,8,02
Y,00:00:00:079,population,173-190,out,11,02
Y,00:00:00:079,population,173-189,out,-1,02
Y,00:00:00:079,population,172-191,out,9,02
Y,00:00:00:079,population,172-190,out,8,02
Y,00:00:00:079,population,171-192,out,9,02
Y,00:00:00:080,population,185-188,out,8,02
Y,00:00:00:080,population,184-190,out,10,02
Y,00:00:00:080,population,182-188,out,8,02
Y,00:00:00:080,population,182-186,out,8,02
Y,00:00:00:080,population,180-185,out,8,02
Y,00:00:00:080,population,180-184,out,9,02
Y,00:00:00:080,population,179-185,out,-1,02
Y,00:00:00:080,population,179-184,out,10,02
Y,00:00:00:080,population,177-185,out,-1,02
Y,00:00:00:080,population,175-191,out,10,02
Y,00:00:00:080,population,173-194,out,12,02
Y,00:00:00:080,population,173-190,out,12,02
Y,00:00:00:080,population,172-191,out,10,02
Y,00:00:00:080,population,172-190,out,9,02
Y,00:00:00:080,population,171-192,out,10,02
Y,00:00:00:081,population,186-189,out,8,02
Y,00:00:00:081,population,185-188,out,9,02
Y,00:00:00:081,population,184-190,out,11,02
Y,00:00:00:081,population,182-188,out,9,02
Y,00:00:00:081,population,182-186,out,9,02
Y,00:00:00:081,population,180-185,out,9,02
Y,00:00:00:081,population,180-184,out,10,02
Y,00:00:00:081,population,179-184,out,11,02
Y,00:00:00:081,population,175-191,out,11,02
Y,00:00:00:081,population,173-194,out,13,02
Y,00:00:00:081,population,173-190,out,13,02
Y,00:00:00:081,population,172-191,out,-1,02
Y,00:00:00:081,population,172-190,out,10,02
Y,00:00:00:081,population,171-192,out,-1,02
Y,00:00:00:082,population,163-104,out,8,02
Y,00:00:00:082,population,186-189,out,9,02
Y,00:00:00:082,population,185-187,out,1,02
Y,00:00:00:082,population,185-188,out,-1,02
Y,00:00:00:082,population,184-190,out,12,02
Y,00:00:00:082,population,182-188,out,-1,02
Y,00:00:00:082,population,182-186,out,10,02
Y,00:00:00:082,population,180-184,out,11,02
Y,00:00:00:082,population,180-185,out,10,02
Y,00:00:00:082,population,179-184,out,12,02
Y,00:00:00:082,population,181-184,out,1,02
Y,00:00:00:082,population,175-191,out,12,02
Y,00:00:00:082,population,173-194,out,-1,02
Y,00:00:00:082,population,172-190,out,11,02
Y,00:00:00:082,population,173-190,out,14,02
Y,00:00:00:083,population,164-101,out,8,02
Y,00:00:00:083,population,163-105,out,1,02
Y,00:00:00:083,population,163-104,out,9,02
Y,00:00:00:083,population,186-189,out,10,02
Y,00:00:00:083,population,184-190,out,13,02
Y,00:00:00:083,population,182-186,out,11,02
Y,00:00:00:083,population,179-184,out,13,02
Y,00:00:00:083,population,180-184,out,12,02
Y,00:00:00:083,population,180-185,out,11,02
Y,00:00:00:083,population,175-191,out,13,02
Y,00:00:00:083,population,172-190,out,12,02
Y,00:00:00:083,population,173-190,out,15,02
Y,00:00:00:084,population,164-101,out,-1,02
Y,00:00:00:084,population,163-104,out,10,02
Y,00:00:00:084,population,186-189,out,11,02
Y,00:00:00:084,population,184-190,out,-1,02
Y,00:00:00:084,population,182-186,out,12,02
Y,00:00:00:084,population,179-184,out,-1,02
Y,00:00:00:084,population,180-184,out,13,02
Y,00:00:00:084,population,180-185,out,12,02
Y,00:00:00:084,population,175-191,out,14,02
Y,00:00:00:084,population,172-190,out,13,02
Y,00:00:00:084,population,173-190,out,-1,02
Y,00:00:00:085,population,176-185,out,8,02
Y,00:00:00:085,population,175-191,out,15,02
Y,00:00:00:085,population,172-190,out,14,02
Y,00:00:00:085,population,163-104,out,11,02
Y,00:00:00:085,population,186-189,out,12,02
Y,00:00:00:085,population,181-186,out,1,02
Y,00:00:00:085,population,182-186,out,13,02
Y,00:00:00:085,population,180-184,out,-1,02
Y,00:00:00:085,population,180-185,out,13,02
Y,00:00:00:086,population,176-185,out,9,02
Y,00:00:00:086,population,176-184,out,1,02
Y,00:00:00:086,population,175-191,out,16,02
Y,00:00:00:086,population,175-185,out,1,02
Y,00:00:00:086,population,176-186,out,8,02
Y,00:00:00:086,population,172-190,out,-1,02
Y,00:00:00:086,population,164-104,out,1,02
Y,00:00:00:086,population,163-104,out,12,02
Y,00:00:00:086,population,186-189,out,-1,02
Y,00:00:00:086,population,182-186,out,14,02
Y,00:00:00:086,population,180-185,out,14,02
Y,00:00:00:087,population,176-185,out,10,02
Y,00:00:00:087,population,176-186,out,-1,02
Y,00:00:00:087,population,174-185,out,1,02
Y,00:00:00:087,population,163-104,out,13,02
Y,00:00:00:087,population,182-186,out,15,02
Y,00:00:00:087,population,180-185,out,15,02
Y,00:00:00:088,population,176-185,out,11,02
Y,00:00:00:088,population,163-104,out,14,02
Y,00:00:00:088,population,182-186,out,16,02
Y,00:00:00:088,population,180-185,out,16,02
Y,00:00:00:089,population,185-187,out,8,02
Y,00:00:00:089,population,181-184,out,8,02
Y,00:00:00:089,population,176-185,out,12,02
Y,00:00:00:089,population,163-104,out,15,02
Y,00:00:00:090,population,185-187,out,9,02
Y,00:00:00:090,population,181-184,out,9,02
Y,00:00:00:090,population,176-185,out,13,02
Y,00:00:00:090,population,163-105,out,8,02
Y,00:00:00:090,population,163-104,out,16,02
Y,00:00:00:091,population,185-187,out,10,02
Y,00:00:00:091,population,181-184,out,10,02
Y,00:00:00:091,population,176-185,out,14,02
Y,00:00:00:091,population,163-105,out,9,02
Y,00:00:00:092,population,181-186,out,8,02
Y,00:00:00:092,population,184-187,out,1,02
Y,00:00:00:092,population,185-187,out,-1,02
Y,00:00:00:092,population,181-184,out,11,02
Y,00:00:00:092,population,176-185,out,-1,02
Y,00:00:00:092,population,163-105,out,10,02
Y,00:00:00:093,population,175-185,out,8,02
Y,00:00:00:093,population,164-104,out,8,02
Y,00:00:00:093,population,181-186,out,9,02
Y,00:00:00:093,population,183-187,out,1,02
Y,00:00:00:093,population,181-184,out,12,02
Y,00:00:00:093,population,176-184,out,8,02
Y,00:00:00:093,population,163-105,out,11,02
Y,00:00:00:094,population,174-185,out,8,02
Y,00:00:00:094,population,175-185,out,9,02
Y,00:00:00:094,population,164-104,out,9,02
Y,00:00:00:094,population,181-186,out,10,02
Y,00:00:00:094,population,181-184,out,13,02
Y,00:00:00:094,population,176-184,out,9,02
Y,00:00:00:094,population,163-105,out,12,02
Y,00:00:00:095,population,174-185,out,9,02
Y,00:00:00:095,population,175-185,out,10,02
Y,00:00:00:095,population,164-104,out,10,02
Y,00:00:00:095,population,181-186,out,11,02
Y,00:00:00:095,population,181-184,out,14,02
Y,00:00:00:095,population,176-184,out,10,02
Y,00:00:00:095,population,163-105,out,13,02
Y,00:00:00:096,population,174-185,out,10,02
Y,00:00:00:096,population,175-185,out,11,02
Y,00:00:00:096,population,164-104,out,-1,02
Y,00:00:00:096,population,181-186,out,12,02
Y,00:00:00:096,population,181-184,out,15,02
Y,00:00:00:096,population,176-184,out,11,02
Y,00:00:00:096,population,163-105,out,14,02
Y,00:00:00:097,population,174-185,out,11,02
Y,00:00:00:097,population,175-185,out,12,02
Y,00:00:00:097,population,181-186,out,13,02
Y,00:00:00:097,population,181-183,out,1,02
Y,00:00:00:097,population,181-184,out,16,02
Y,00:00:00:097,population,176-184,out,12,02
Y,00:00:00:097,population,163-105,out,15,02
Y,00:00:00:098,population,174-185,out,12,02
Y,00:00:00:098,population,175-185,out,13,02
Y,00:00:00:098,population,181-186,out,-1,02
Y,00:00:00:098,population,176-184,out,13,02
Y,00:00:00:098,population,163-105,out,16,02
Y,00:00:00:099,population,184-187,out,8,02
Y,00:00:00:099,population,176-184,out,14,02
Y,00:00:00:099,population,175-185,out,14,02
Y,00:00:00:099,population,174-185,out,13,02
Y,00:00:00:100,population,183-187,out,8,02
Y,00:00:00:100,population,184-187,out,9,02
Y,00:00:00:100,population,184-188,out,1,02
Y,00:00:00:100,population,176-184,out,15,02
Y,00:00:00:100,population,175-185,out,15,02
Y,00:00:00:100,population,174-185,out,14,02
Y,00:00:00:101,population,183-187,out,9,02
Y,00:00:00:101,population,184-187,out,-1,02
Y,00:00:00:101,population,176-184,out,-1,02
Y,00:00:00:101,population,175-185,out,16,02
Y,00:00:00:101,population,174-185,out,15,02
Y,00:00:00:102,population,183-187,out,10,02
Y,00:00:00:102,population,174-185,out,16,02
Y,00:00:00:102,population,174-184,out,1,02
Y,00:00:00:103,population,183-187,out,11,02
Y,00:00:00:103,population,183-188,out,1,02
Y,00:00:00:104,population,181-183,out,8,02
Y,00:00:00:104,population,183-186,out,1,02
Y,00:00:00:104,population,183-187,out,12,02
Y,00:00:00:105,population,181-182,out,1,02
Y,00:00:00:105,population,181-183,out,9,02
Y,00:00:00:105,population,183-187,out,13,02
Y,00:00:00:106,population,180-182,out,1,02
Y,00:00:00:106,population,181-183,out,10,02
Y,00:00:00:106,population,182-182,out,1,02
Y,00:00:00:106,population,182-183,out,1,02
Y,00:00:00:106,population,183-187,out,14,02
Y,00:00:00:107,population,184-188,out,8,02
Y,00:00:00:107,population,183-187,out,15,02
Y,00:00:00:107,population,181-183,out,11,02
Y,00:00:00:108,population,184-188,out,9,02
Y,00:00:00:108,population,183-187,out,16,02
Y,00:00:00:108,population,181-183,out,12,02
Y,00:00:00:109,population,174-184,out,8,02
Y,00:00:00:109,population,184-188,out,10,02
Y,00:00:00:109,population,181-183,out,13,02
Y,00:00:00:110,population,174-184,out,9,02
Y,00:00:00:110,population,183-188,out,8,02
Y,00:00:00:110,population,184-188,out,11,02
Y,00:00:00:110,population,180-183,out,1,02
Y,00:00:00:110,population,181-183,out,14,02
Y,00:00:00:111,population,183-186,out,8,02
Y,00:00:00:111,population,181-183,out,15,02
Y,00:00:00:111,population,174-184,out,10,02
Y,00:00:00:111,population,183-188,out,9,02
Y,00:00:00:111,population,184-188,out,12,02
Y,00:00:00:112,population,183-185,out,1,02
Y,00:00:00:112,population,183-186,out,9,02
Y,00:00:00:112,population,181-183,out,16,02
Y,00:00:00:112,population,181-182,out,8,02
Y,00:00:00:112,population,174-184,out,11,02
Y,00:00:00:112,population,183-188,out,10,02
Y,00:00:00:112,population,184-188,out,13,02
Y,00:00:00:113,population,181-182,out,9,02
Y,00:00:00:113,population,183-186,out,-1,02
Y,00:00:00:113,population,182-183,out,8,02
Y,00:00:00:113,population,180-182,out,8,02
Y,00:00:00:113,population,182-182,out,8,02
Y,00:00:00:113,population,174-184,out,12,02
Y,00:00:00:113,population,183-188,out,11,02
Y,00:00:00:113,population,184-188,out,14,02
Y,00:00:00:114,population,180-182,out,9,02
Y,00:00:00:114,population,181-182,out,-1,02
Y,00:00:00:114,population,182-182,out,9,02
Y,00:00:00:114,population,182-183,out,-1,02
Y,00:00:00:114,population,174-184,out,13,02
Y,00:00:00:114,population,174-183,out,1,02
Y,00:00:00:114,population,183-188,out,12,02
Y,00:00:00:114,population,184-188,out,-1,02
Y,00:00:00:115,population,179-182,out,1,02
Y,00:00:00:115,population,180-182,out,10,02
Y,00:00:00:115,population,182-182,out,-1,02
Y,00:00:00:115,population,174-184,out,14,02
Y,00:00:00:115,population,173-184,out,1,02
Y,00:00:00:115,population,183-188,out,13,02
Y,00:00:00:116,population,180-182,out,11,02
Y,00:00:00:116,population,175-184,out,1,02
Y,00:00:00:116,population,174-184,out,-1,02
Y,00:00:00:116,population,183-188,out,14,02
Y,00:00:00:117,population,180-182,out,12,02
Y,00:00:00:117,population,180-181,out,1,02
Y,00:00:00:117,population,180-183,out,8,02
Y,00:00:00:117,population,183-188,out,15,02
Y,00:00:00:118,population,180-182,out,13,02
Y,00:00:00:118,population,180-183,out,9,02
Y,00:00:00:118,population,183-188,out,-1,02
Y,00:00:00:119,population,183-185,out,8,02
Y,00:00:00:119,population,180-183,out,10,02
Y,00:00:00:119,population,180-182,out,14,02
Y,00:00:00:120,population,183-185,out,9,02
Y,00:00:00:120,population,180-183,out,-1,02
Y,00:00:00:120,population,180-182,out,15,02
Y,00:00:00:121,population,174-183,out,8,02
Y,00:00:00:121,population,183-185,out,10,02
Y,00:00:00:121,population,180-182,out,16,02
Y,00:00:00:122,population,174-183,out,9,02
Y,00:00:00:122,population,173-184,out,8,02
Y,00:00:00:122,population,173-183,out,1,02
Y,00:00:00:122,population,183-184,out,1,02
Y,00:00:00:122,population,183-185,out,11,02
Y,00:00:00:122,population,179-182,out,8,02
Y,00:00:00:123,population,175-184,out,8,02
Y,00:00:00:123,population,174-183,out,10,02
Y,00:00:00:123,population,173-184,out,9,02
Y,00:00:00:123,population,173-182,out,1,02
Y,00:00:00:123,population,183-183,out,1,02
Y,00:00:00:123,population,183-185,out,12,02
Y,00:00:00:123,population,178-182,out,1,02
Y,00:00:00:123,population,179-182,out,9,02
Y,00:00:00:124,population,180-181,out,8,02
Y,00:00:00:124,population,179-183,out,1,02
Y,00:00:00:124,population,179-182,out,10,02
Y,00:00:00:124,population,175-184,out,9,02
Y,00:00:00:124,population,174-183,out,11,02
Y,00:00:00:124,population,173-184,out,10,02
Y,00:00:00:124,population,183-185,out,13,02
Y,00:00:00:125,population,180-181,out,9,02
Y,00:00:00:125,population,179-182,out,-1,02
Y,00:00:00:125,population,175-184,out,10,02
Y,00:00:00:125,population,174-183,out,12,02
Y,00:00:00:125,population,173-184,out,11,02
Y,00:00:00:125,population,183-185,out,14,02
Y,00:00:00:126,population,179-181,out,1,02
Y,00:00:00:126,population,180-181,out,10,02
Y,00:00:00:126,population,175-184,out,11,02
Y,00:00:00:126,population,174-183,out,-1,02
Y,00:00:00:126,population,173-184,out,12,02
Y,00:00:00:126,population,183-185,out,15,02
Y,00:00:00:127,population,180-181,out,11,02
Y,00:00:00:127,population,175-184,out,-1,02
Y,00:00:00:127,population,175-183,out,1,02
Y,00:00:00:127,population,173-184,out,13,02
Y,00:00:00:127,population,183-185,out,16,02
Y,00:00:00:128,population,180-181,out,12,02
Y,00:00:00:128,population,175-182,out,1,02
Y,00:00:00:128,population,173-184,out,14,02
Y,00:00:00:129,population,183-184,out,8,02
Y,00:00:00:129,population,180-181,out,13,02
Y,00:00:00:129,population,173-184,out,15,02
Y,00:00:00:129,population,173-183,out,8,02
Y,00:00:00:130,population,182-184,out,1,02
Y,00:00:00:130,population,180-181,out,14,02
Y,00:00:00:130,population,178-182,out,8,02
Y,00:00:00:130,population,173-184,out,16,02
Y,00:00:00:130,population,173-183,out,-1,02
Y,00:00:00:130,population,183-183,out,8,02
Y,00:00:00:130,population,183-184,out,9,02
Y,00:00:00:130,population,173-182,out,8,02
Y,00:00:00:130,population,172-183,out,1,02
Y,00:00:00:131,population,179-183,out,8,02
Y,00:00:00:131,population,183-184,out,10,02
Y,00:00:00:131,population,180-181,out,-1,02
Y,00:00:00:131,population,178-183,out,1,02
Y,00:00:00:131,population,178-182,out,9,02
Y,00:00:00:131,population,173-182,out,-1,02
Y,00:00:00:131,population,172-184,out,1,02
Y,00:00:00:131,population,183-183,out,9,02
Y,00:00:00:132,population,179-183,out,9,02
Y,00:00:00:132,population,183-183,out,10,02
Y,00:00:00:132,population,183-184,out,-1,02
Y,00:00:00:132,population,178-182,out,-1,02
Y,00:00:00:133,population,179-181,out,8,02
Y,00:00:00:133,population,179-183,out,10,02
Y,00:00:00:133,population,183-183,out,11,02
Y,00:00:00:134,population,175-183,out,8,02
Y,00:00:00:134,population,179-181,out,9,02
Y,00:00:00:134,population,179-183,out,-1,02
Y,00:00:00:134,population,183-183,out,-1,02
Y,00:00:00:135,population,175-182,out,8,02
Y,00:00:00:135,population,175-183,out,9,02
Y,00:00:00:135,population,179-180,out,1,02
Y,00:00:00:135,population,179-181,out,-1,02
Y,00:00:00:136,population,175-182,out,-1,02
Y,00:00:00:136,population,175-183,out,10,02
Y,00:00:00:137,population,182-184,out,8,02
Y,00:00:00:137,population,175-183,out,11,02
Y,00:00:00:137,population,172-183,out,8,02
Y,00:00:00:138,population,178-183,out,8,02
Y,00:00:00:138,population,175-183,out,12,02
Y,00:00:00:138,population,182-184,out,9,02
Y,00:00:00:138,population,172-184,out,8,02
Y,00:00:00:138,population,172-183,out,-1,02
Y,00:00:00:139,population,178-183,out,9,02
Y,00:00:00:139,population,175-183,out,13,02
Y,00:00:00:139,population,182-184,out,10,02
Y,00:00:00:139,population,172-184,out,9,02
Y,00:00:00:140,population,178-183,out,-1,02
Y,00:00:00:140,population,175-183,out,14,02
Y,00:00:00:140,population,182-184,out,11,02
Y,00:00:00:140,population,182-185,out,1,02
Y,00:00:00:140,population,172-184,out,10,02
Y,00:00:00:141,population,175-183,out,15,02
Y,00:00:00:141,population,182-184,out,12,02
Y,00:00:00:141,population,172-184,out,11,02
Y,00:00:00:142,population,179-180,out,8,02
Y,00:00:00:142,population,175-183,out,16,02
Y,00:00:00:142,population,182-184,out,13,02
Y,00:00:00:142,population,172-184,out,12,02
Y,00:00:00:143,population,179-180,out,9,02
Y,00:00:00:143,population,182-184,out,14,02
Y,00:00:00:143,population,172-184,out,13,02
Y,00:00:00:144,population,178-180,out,1,02
Y,00:00:00:144,population,179-180,out,10,02
Y,00:00:00:144,population,182-184,out,15,02
Y,00:00:00:144,population,172-184,out,14,02
Y,00:00:00:145,population,179-180,out,-1,02
Y,00:00:00:145,population,182-184,out,16,02
Y,00:00:00:145,population,172-184,out,-1,02
Y,00:00:00:147,population,182-185,out,8,02
Y,00:00:00:148,population,182-185,out,9,02
Y,00:00:00:149,population,182-185,out,10,02
Y,00:00:00:150,population,181-185,out,1,02
Y,00:00:00:150,population,182-185,out,11,02
Y,00:00:00:151,population,178-180,out,8,02
Y,00:00:00:151,population,182-185,out,12,02
Y,00:00:00:152,population,178-180,out,9,02
Y,00:00:00:152,population,182-185,out,13,02
Y,00:00:00:153,population,177-180,out,1,02
Y,00:00:00:153,population,178-180,out,10,02
Y,00:00:00:153,population,182-185,out,14,02
Y,00:00:00:154,population,178-180,out,-1,02
Y,00:00:00:154,population,182-185,out,15,02
Y,00:00:00:155,population,182-185,out,16,02
Y,00:00:00:157,population,181-185,out,8,02
Y,00:00:00:158,population,181-185,out,9,02
Y,00:00:00:159,population,181-185,out,10,02
Y,00:00:00:160,population,177-180,out,8,02
Y,00:00:00:160,population,181-185,out,11,02
Y,00:00:00:161,population,177-180,out,9,02
Y,00:00:00:161,population,181-185,out,12,02
Y,00:00:00:162,population,177-179,out,1,02
Y,00:00:00:162,population,177-180,out,10,02
Y,00:00:00:162,population,181-185,out,13,02
Y,00:00:00:163,population,177-180,out,11,02
Y,00:00:00:163,population,181-185,out,14,02
Y,00:00:00:164,population,177-180,out,12,02
Y,00:00:00:164,population,181-185,out,15,02
Y,00:00:00:165,population,177-180,out,13,02
Y,00:00:00:165,population,181-185,out,16,02
Y,00:00:00:166,population,177-180,out,14,02
Y,00:00:00:167,population,177-180,out,15,02
Y,00:00:00:168,population,177-180,out,16,02
Y,00:00:00:169,population,177-179,out,8,02
Y,00:00:00:170,population,176-179,out,1,02
Y,00:00:00:170,population,177-179,out,9,02
Y,00:00:00:171,population,177-179,out,10,02
Y,00:00:00:172,population,177-179,out,-1,02
Y,00:00:00:177,population,176-179,out,8,02
Y,00:00:00:178,population,176-179,out,9,02
Y,00:00:00:178,population,176-180,out,1,02
Y,00:00:00:179,population,176-179,out,10,02
Y,00:00:00:180,population,176-179,out,11,02
Y,00:00:00:181,population,176-179,out,12,02
Y,00:00:00:182,population,175-179,out,1,02
Y,00:00:00:182,population,176-179,out,13,02
Y,00:00:00:183,population,176-179,out,14,02
Y,00:00:00:184,population,176-179,out,-1,02
Y,00:00:00:185,population,176-180,out,8,02
Y,00:00:00:186,population,176-180,out,-1,02
Y,00:00:00:189,population,175-179,out,8,02
Y,00:00:00:190,population,175-179,out,9,02
Y,00:00:00:191,population,175-179,out,10,02
Y,00:00:00:192,population,175-179,out,11,02
Y,00:00:00:193,population,175-179,out,12,02
Y,00:00:00:193,population,175-180,out,1,02
Y,00:00:00:194,population,174-179,out,1,02
Y,00:00:00:194,population,175-179,out,-1,02
Y,00:00:00:200,population,175-180,out,8,02
Y,00:00:00:201,population,174-179,out,8,02
Y,00:00:00:201,population,175-180,out,-1,02
Y,00:00:00:202,population,174-178,out,1,02
Y,00:00:00:202,population,174-179,out,9,02
Y,00:00:00:203,population,174-179,out,10,02
Y,00:00:00:204,population,173-179,out,1,02
Y,00:00:00:204,population,174-179,out,11,02
Y,00:00:00:205,population,172-179,out,1,02
Y,00:00:00:205,population,174-179,out,12,02
Y,00:00:00:206,population,174-179,out,13,02
Y,00:00:00:207,population,174-179,out,14,02
Y,00:00:00:208,population,174-179,out,15,02
Y,00:00:00:209,population,174-178,out,8,02
Y,00:00:00:209,population,174-179,out,-1,02
Y,00:00:00:210,population,174-178,out,-1,02
Y,00:00:00:211,population,173-179,out,8,02
Y,00:00:00:212,population,172-179,out,8,02
Y,00:00:00:212,population,173-179,out,-1,02
Y,00:00:00:212,population,173-180,out,1,02
Y,00:00:00:213,population,172-179,out,9,02
Y,00:00:00:214,population,172-179,out,10,02
Y,00:00:00:215,population,172-179,out,-1,02
Y,00:00:00:219,population,173-180,out,8,02
